USE [Blitzer]
GO
INSERT [dbo].[BlitzerUser] ([Id], [Name], [FirstName], [LastName], [PhoneNumber], [Email], [UserName], [EmailConfirmed], [Discriminator], [CommissionRate], [UserId], [DateOfBirth], [DateOfAnniversary], [EmailAddress], [AgentId], [Address1], [Address2], [City], [State], [ZipCode], [Longitude], [Latitude], [Message], [MerchantId], [Merchant_EmailAddress], [SalesPersonId], [Merchant_Address1], [Merchant_Address2], [Merchant_City], [Merchant_State], [Merchant_ZipCode], [StatusID]) VALUES (N'Test123', N'Eric Watson', N'Eric ', N'Watson', NULL, NULL, NULL, 0, N'User', NULL, NULL, NULL, NULL, NULL, NULL, NULL, NULL, NULL, NULL, NULL, NULL, NULL, NULL, NULL, NULL, NULL, NULL, NULL, NULL, NULL, NULL, NULL)
GO
SET IDENTITY_INSERT [dbo].[Quotes] ON 
GO
INSERT [dbo].[Quotes] ([QuoteID], [TripID], [ClientID], [When], [DepartureID], [DesitinationID], [ArrivalID]) VALUES (6, 2, N'Test123', CAST(N'2020-04-09T00:00:00.0000000' AS DateTime2), 1, 2, 2)
GO
SET IDENTITY_INSERT [dbo].[Quotes] OFF
GO
SET IDENTITY_INSERT [dbo].[QuoteRequests] ON 
GO
INSERT [dbo].[QuoteRequests] ([QuoteRequestID], [UserID], [When], [DepartureAirPortAirPortID], [DestinationAirPortAirPortID], [DepartureDate], [ReturnDate]) VALUES (1, N'', CAST(N'2020-04-08T09:57:35.1952607' AS DateTime2), 1, 4, CAST(N'2020-04-08T00:00:00.0000000' AS DateTime2), CAST(N'2020-04-08T00:00:00.0000000' AS DateTime2))
GO
INSERT [dbo].[QuoteRequests] ([QuoteRequestID], [UserID], [When], [DepartureAirPortAirPortID], [DestinationAirPortAirPortID], [DepartureDate], [ReturnDate]) VALUES (2, N'', CAST(N'2020-04-08T10:00:11.8851835' AS DateTime2), 1, 4, CAST(N'2020-04-11T00:00:00.0000000' AS DateTime2), CAST(N'2020-04-15T00:00:00.0000000' AS DateTime2))
GO
INSERT [dbo].[QuoteRequests] ([QuoteRequestID], [UserID], [When], [DepartureAirPortAirPortID], [DestinationAirPortAirPortID], [DepartureDate], [ReturnDate]) VALUES (3, N'', CAST(N'2020-04-08T10:04:19.4991994' AS DateTime2), 1, 3, CAST(N'2020-04-10T00:00:00.0000000' AS DateTime2), CAST(N'2020-04-14T00:00:00.0000000' AS DateTime2))
GO
INSERT [dbo].[QuoteRequests] ([QuoteRequestID], [UserID], [When], [DepartureAirPortAirPortID], [DestinationAirPortAirPortID], [DepartureDate], [ReturnDate]) VALUES (4, N'', CAST(N'2020-04-08T12:06:52.7097913' AS DateTime2), 1, 4, CAST(N'2020-04-24T00:00:00.0000000' AS DateTime2), CAST(N'2020-04-29T00:00:00.0000000' AS DateTime2))
GO
INSERT [dbo].[QuoteRequests] ([QuoteRequestID], [UserID], [When], [DepartureAirPortAirPortID], [DestinationAirPortAirPortID], [DepartureDate], [ReturnDate]) VALUES (5, N'', CAST(N'2020-04-08T12:28:29.9838770' AS DateTime2), 1, 4, CAST(N'2020-05-04T00:00:00.0000000' AS DateTime2), CAST(N'2020-05-08T00:00:00.0000000' AS DateTime2))
GO
SET IDENTITY_INSERT [dbo].[QuoteRequests] OFF
GO
SET IDENTITY_INSERT [dbo].[Transportations] ON 
GO
INSERT [dbo].[Transportations] ([TransportationID], [Confirmation], [Type], [Depart], [DepartLocationLocationID], [Arrive], [ArriveLocationLocationID], [Carrier], [Identifer], [Discriminator], [QuoteID], [QuoteRequestID], [DepartureAirPortID], [ArrivalAirPortID], [Quoted], [Side], [TripQuoteID]) VALUES (1, NULL, 0, CAST(N'2020-04-15T11:40:00.0000000' AS DateTime2), 205, CAST(N'2020-04-15T12:54:00.0000000' AS DateTime2), 206, NULL, NULL, N'Flight', NULL, 2, 3, 1, CAST(N'0001-01-01T00:00:00.0000000' AS DateTime2), 0, N'3b971ad8-6d64-44df-b6ed-11f73011fba2')
GO
INSERT [dbo].[Transportations] ([TransportationID], [Confirmation], [Type], [Depart], [DepartLocationLocationID], [Arrive], [ArriveLocationLocationID], [Carrier], [Identifer], [Discriminator], [QuoteID], [QuoteRequestID], [DepartureAirPortID], [ArrivalAirPortID], [Quoted], [Side], [TripQuoteID]) VALUES (2, NULL, 0, CAST(N'2020-04-15T08:30:00.0000000' AS DateTime2), 207, CAST(N'2020-04-15T10:22:00.0000000' AS DateTime2), 208, NULL, NULL, N'Flight', NULL, 2, 5, 3, CAST(N'0001-01-01T00:00:00.0000000' AS DateTime2), 0, N'3b971ad8-6d64-44df-b6ed-11f73011fba2')
GO
INSERT [dbo].[Transportations] ([TransportationID], [Confirmation], [Type], [Depart], [DepartLocationLocationID], [Arrive], [ArriveLocationLocationID], [Carrier], [Identifer], [Discriminator], [QuoteID], [QuoteRequestID], [DepartureAirPortID], [ArrivalAirPortID], [Quoted], [Side], [TripQuoteID]) VALUES (3, NULL, 0, CAST(N'2020-04-15T06:25:00.0000000' AS DateTime2), 210, CAST(N'2020-04-15T07:48:00.0000000' AS DateTime2), 211, NULL, NULL, N'Flight', NULL, 2, 4, 5, CAST(N'0001-01-01T00:00:00.0000000' AS DateTime2), 0, N'3b971ad8-6d64-44df-b6ed-11f73011fba2')
GO
INSERT [dbo].[Transportations] ([TransportationID], [Confirmation], [Type], [Depart], [DepartLocationLocationID], [Arrive], [ArriveLocationLocationID], [Carrier], [Identifer], [Discriminator], [QuoteID], [QuoteRequestID], [DepartureAirPortID], [ArrivalAirPortID], [Quoted], [Side], [TripQuoteID]) VALUES (4, NULL, 0, CAST(N'2020-04-11T09:55:00.0000000' AS DateTime2), 213, CAST(N'2020-04-11T11:11:00.0000000' AS DateTime2), 214, NULL, NULL, N'Flight', NULL, 2, 5, 4, CAST(N'0001-01-01T00:00:00.0000000' AS DateTime2), 0, N'3b971ad8-6d64-44df-b6ed-11f73011fba2')
GO
INSERT [dbo].[Transportations] ([TransportationID], [Confirmation], [Type], [Depart], [DepartLocationLocationID], [Arrive], [ArriveLocationLocationID], [Carrier], [Identifer], [Discriminator], [QuoteID], [QuoteRequestID], [DepartureAirPortID], [ArrivalAirPortID], [Quoted], [Side], [TripQuoteID]) VALUES (5, NULL, 0, CAST(N'2020-04-11T06:00:00.0000000' AS DateTime2), 193, CAST(N'2020-04-11T07:41:00.0000000' AS DateTime2), 215, NULL, NULL, N'Flight', NULL, 2, 1, 5, CAST(N'0001-01-01T00:00:00.0000000' AS DateTime2), 0, N'3b971ad8-6d64-44df-b6ed-11f73011fba2')
GO
INSERT [dbo].[Transportations] ([TransportationID], [Confirmation], [Type], [Depart], [DepartLocationLocationID], [Arrive], [ArriveLocationLocationID], [Carrier], [Identifer], [Discriminator], [QuoteID], [QuoteRequestID], [DepartureAirPortID], [ArrivalAirPortID], [Quoted], [Side], [TripQuoteID]) VALUES (6, NULL, 0, CAST(N'2020-04-15T11:40:00.0000000' AS DateTime2), 190, CAST(N'2020-04-15T12:54:00.0000000' AS DateTime2), 169, NULL, NULL, N'Flight', NULL, 2, 3, 1, CAST(N'0001-01-01T00:00:00.0000000' AS DateTime2), 0, N'e25cc17f-5c0d-4bb0-914a-326be295977a')
GO
INSERT [dbo].[Transportations] ([TransportationID], [Confirmation], [Type], [Depart], [DepartLocationLocationID], [Arrive], [ArriveLocationLocationID], [Carrier], [Identifer], [Discriminator], [QuoteID], [QuoteRequestID], [DepartureAirPortID], [ArrivalAirPortID], [Quoted], [Side], [TripQuoteID]) VALUES (7, NULL, 0, CAST(N'2020-04-15T08:30:00.0000000' AS DateTime2), 171, CAST(N'2020-04-15T10:22:00.0000000' AS DateTime2), 172, NULL, NULL, N'Flight', NULL, 2, 5, 3, CAST(N'0001-01-01T00:00:00.0000000' AS DateTime2), 0, N'e25cc17f-5c0d-4bb0-914a-326be295977a')
GO
INSERT [dbo].[Transportations] ([TransportationID], [Confirmation], [Type], [Depart], [DepartLocationLocationID], [Arrive], [ArriveLocationLocationID], [Carrier], [Identifer], [Discriminator], [QuoteID], [QuoteRequestID], [DepartureAirPortID], [ArrivalAirPortID], [Quoted], [Side], [TripQuoteID]) VALUES (8, NULL, 0, CAST(N'2020-04-15T06:25:00.0000000' AS DateTime2), 173, CAST(N'2020-04-15T07:48:00.0000000' AS DateTime2), 174, NULL, NULL, N'Flight', NULL, 2, 4, 5, CAST(N'0001-01-01T00:00:00.0000000' AS DateTime2), 0, N'e25cc17f-5c0d-4bb0-914a-326be295977a')
GO
INSERT [dbo].[Transportations] ([TransportationID], [Confirmation], [Type], [Depart], [DepartLocationLocationID], [Arrive], [ArriveLocationLocationID], [Carrier], [Identifer], [Discriminator], [QuoteID], [QuoteRequestID], [DepartureAirPortID], [ArrivalAirPortID], [Quoted], [Side], [TripQuoteID]) VALUES (9, NULL, 0, CAST(N'2020-04-11T20:31:00.0000000' AS DateTime2), 176, CAST(N'2020-04-11T21:51:00.0000000' AS DateTime2), 177, NULL, NULL, N'Flight', NULL, 2, 5, 4, CAST(N'0001-01-01T00:00:00.0000000' AS DateTime2), 0, N'e25cc17f-5c0d-4bb0-914a-326be295977a')
GO
INSERT [dbo].[Transportations] ([TransportationID], [Confirmation], [Type], [Depart], [DepartLocationLocationID], [Arrive], [ArriveLocationLocationID], [Carrier], [Identifer], [Discriminator], [QuoteID], [QuoteRequestID], [DepartureAirPortID], [ArrivalAirPortID], [Quoted], [Side], [TripQuoteID]) VALUES (10, NULL, 0, CAST(N'2020-04-15T15:00:00.0000000' AS DateTime2), 181, CAST(N'2020-04-15T16:19:00.0000000' AS DateTime2), 182, NULL, NULL, N'Flight', NULL, 2, 3, 1, CAST(N'0001-01-01T00:00:00.0000000' AS DateTime2), 0, N'dd35a7ec-72d7-49b3-8ec9-0704164638b2')
GO
INSERT [dbo].[Transportations] ([TransportationID], [Confirmation], [Type], [Depart], [DepartLocationLocationID], [Arrive], [ArriveLocationLocationID], [Carrier], [Identifer], [Discriminator], [QuoteID], [QuoteRequestID], [DepartureAirPortID], [ArrivalAirPortID], [Quoted], [Side], [TripQuoteID]) VALUES (11, NULL, 0, CAST(N'2020-04-11T17:56:00.0000000' AS DateTime2), 17, CAST(N'2020-04-11T19:36:00.0000000' AS DateTime2), 21, NULL, NULL, N'Flight', NULL, 2, 1, 5, CAST(N'0001-01-01T00:00:00.0000000' AS DateTime2), 0, N'09ca3ddd-bfb2-48f2-9dd3-fc227b822208')
GO
INSERT [dbo].[Transportations] ([TransportationID], [Confirmation], [Type], [Depart], [DepartLocationLocationID], [Arrive], [ArriveLocationLocationID], [Carrier], [Identifer], [Discriminator], [QuoteID], [QuoteRequestID], [DepartureAirPortID], [ArrivalAirPortID], [Quoted], [Side], [TripQuoteID]) VALUES (12, NULL, 0, CAST(N'2020-04-11T20:31:00.0000000' AS DateTime2), 68, CAST(N'2020-04-11T21:51:00.0000000' AS DateTime2), 166, NULL, NULL, N'Flight', NULL, 2, 5, 4, CAST(N'0001-01-01T00:00:00.0000000' AS DateTime2), 0, N'09ca3ddd-bfb2-48f2-9dd3-fc227b822208')
GO
INSERT [dbo].[Transportations] ([TransportationID], [Confirmation], [Type], [Depart], [DepartLocationLocationID], [Arrive], [ArriveLocationLocationID], [Carrier], [Identifer], [Discriminator], [QuoteID], [QuoteRequestID], [DepartureAirPortID], [ArrivalAirPortID], [Quoted], [Side], [TripQuoteID]) VALUES (13, NULL, 0, CAST(N'2020-04-15T06:25:00.0000000' AS DateTime2), 195, CAST(N'2020-04-15T07:48:00.0000000' AS DateTime2), 194, NULL, NULL, N'Flight', NULL, 2, 4, 5, CAST(N'0001-01-01T00:00:00.0000000' AS DateTime2), 0, N'09ca3ddd-bfb2-48f2-9dd3-fc227b822208')
GO
INSERT [dbo].[Transportations] ([TransportationID], [Confirmation], [Type], [Depart], [DepartLocationLocationID], [Arrive], [ArriveLocationLocationID], [Carrier], [Identifer], [Discriminator], [QuoteID], [QuoteRequestID], [DepartureAirPortID], [ArrivalAirPortID], [Quoted], [Side], [TripQuoteID]) VALUES (14, NULL, 0, CAST(N'2020-04-15T10:20:00.0000000' AS DateTime2), 197, CAST(N'2020-04-15T11:53:00.0000000' AS DateTime2), 196, NULL, NULL, N'Flight', NULL, 2, 5, 1, CAST(N'0001-01-01T00:00:00.0000000' AS DateTime2), 0, N'09ca3ddd-bfb2-48f2-9dd3-fc227b822208')
GO
INSERT [dbo].[Transportations] ([TransportationID], [Confirmation], [Type], [Depart], [DepartLocationLocationID], [Arrive], [ArriveLocationLocationID], [Carrier], [Identifer], [Discriminator], [QuoteID], [QuoteRequestID], [DepartureAirPortID], [ArrivalAirPortID], [Quoted], [Side], [TripQuoteID]) VALUES (15, NULL, 0, CAST(N'2020-04-11T06:00:00.0000000' AS DateTime2), 199, CAST(N'2020-04-11T07:41:00.0000000' AS DateTime2), 198, NULL, NULL, N'Flight', NULL, 2, 1, 5, CAST(N'0001-01-01T00:00:00.0000000' AS DateTime2), 0, N'6bc456af-53e1-4f0d-a828-5091c8e778db')
GO
INSERT [dbo].[Transportations] ([TransportationID], [Confirmation], [Type], [Depart], [DepartLocationLocationID], [Arrive], [ArriveLocationLocationID], [Carrier], [Identifer], [Discriminator], [QuoteID], [QuoteRequestID], [DepartureAirPortID], [ArrivalAirPortID], [Quoted], [Side], [TripQuoteID]) VALUES (16, NULL, 0, CAST(N'2020-04-11T09:55:00.0000000' AS DateTime2), 202, CAST(N'2020-04-11T11:11:00.0000000' AS DateTime2), 201, NULL, NULL, N'Flight', NULL, 2, 5, 4, CAST(N'0001-01-01T00:00:00.0000000' AS DateTime2), 0, N'6bc456af-53e1-4f0d-a828-5091c8e778db')
GO
INSERT [dbo].[Transportations] ([TransportationID], [Confirmation], [Type], [Depart], [DepartLocationLocationID], [Arrive], [ArriveLocationLocationID], [Carrier], [Identifer], [Discriminator], [QuoteID], [QuoteRequestID], [DepartureAirPortID], [ArrivalAirPortID], [Quoted], [Side], [TripQuoteID]) VALUES (17, NULL, 0, CAST(N'2020-04-15T06:25:00.0000000' AS DateTime2), 204, CAST(N'2020-04-15T07:48:00.0000000' AS DateTime2), 203, NULL, NULL, N'Flight', NULL, 2, 4, 5, CAST(N'0001-01-01T00:00:00.0000000' AS DateTime2), 0, N'6bc456af-53e1-4f0d-a828-5091c8e778db')
GO
INSERT [dbo].[Transportations] ([TransportationID], [Confirmation], [Type], [Depart], [DepartLocationLocationID], [Arrive], [ArriveLocationLocationID], [Carrier], [Identifer], [Discriminator], [QuoteID], [QuoteRequestID], [DepartureAirPortID], [ArrivalAirPortID], [Quoted], [Side], [TripQuoteID]) VALUES (18, NULL, 0, CAST(N'2020-04-15T10:20:00.0000000' AS DateTime2), 212, CAST(N'2020-04-15T11:53:00.0000000' AS DateTime2), 209, NULL, NULL, N'Flight', NULL, 2, 5, 1, CAST(N'0001-01-01T00:00:00.0000000' AS DateTime2), 0, N'6bc456af-53e1-4f0d-a828-5091c8e778db')
GO
INSERT [dbo].[Transportations] ([TransportationID], [Confirmation], [Type], [Depart], [DepartLocationLocationID], [Arrive], [ArriveLocationLocationID], [Carrier], [Identifer], [Discriminator], [QuoteID], [QuoteRequestID], [DepartureAirPortID], [ArrivalAirPortID], [Quoted], [Side], [TripQuoteID]) VALUES (19, NULL, 0, CAST(N'2020-04-11T11:00:00.0000000' AS DateTime2), 170, CAST(N'2020-04-11T12:18:00.0000000' AS DateTime2), 192, NULL, NULL, N'Flight', NULL, 2, 1, 3, CAST(N'0001-01-01T00:00:00.0000000' AS DateTime2), 0, N'1c85c01f-b9be-4df6-8a97-31b6d0d143bd')
GO
INSERT [dbo].[Transportations] ([TransportationID], [Confirmation], [Type], [Depart], [DepartLocationLocationID], [Arrive], [ArriveLocationLocationID], [Carrier], [Identifer], [Discriminator], [QuoteID], [QuoteRequestID], [DepartureAirPortID], [ArrivalAirPortID], [Quoted], [Side], [TripQuoteID]) VALUES (20, NULL, 0, CAST(N'2020-04-11T13:40:00.0000000' AS DateTime2), 178, CAST(N'2020-04-11T15:17:00.0000000' AS DateTime2), 175, NULL, NULL, N'Flight', NULL, 2, 3, 4, CAST(N'0001-01-01T00:00:00.0000000' AS DateTime2), 0, N'1c85c01f-b9be-4df6-8a97-31b6d0d143bd')
GO
INSERT [dbo].[Transportations] ([TransportationID], [Confirmation], [Type], [Depart], [DepartLocationLocationID], [Arrive], [ArriveLocationLocationID], [Carrier], [Identifer], [Discriminator], [QuoteID], [QuoteRequestID], [DepartureAirPortID], [ArrivalAirPortID], [Quoted], [Side], [TripQuoteID]) VALUES (21, NULL, 0, CAST(N'2020-04-15T17:00:00.0000000' AS DateTime2), 186, CAST(N'2020-04-15T18:54:00.0000000' AS DateTime2), 183, NULL, NULL, N'Flight', NULL, 2, 4, 3, CAST(N'0001-01-01T00:00:00.0000000' AS DateTime2), 0, N'1c85c01f-b9be-4df6-8a97-31b6d0d143bd')
GO
INSERT [dbo].[Transportations] ([TransportationID], [Confirmation], [Type], [Depart], [DepartLocationLocationID], [Arrive], [ArriveLocationLocationID], [Carrier], [Identifer], [Discriminator], [QuoteID], [QuoteRequestID], [DepartureAirPortID], [ArrivalAirPortID], [Quoted], [Side], [TripQuoteID]) VALUES (22, NULL, 0, CAST(N'2020-04-15T19:35:00.0000000' AS DateTime2), 244, CAST(N'2020-04-15T20:55:00.0000000' AS DateTime2), 217, NULL, NULL, N'Flight', NULL, 2, 3, 1, CAST(N'0001-01-01T00:00:00.0000000' AS DateTime2), 0, N'1c85c01f-b9be-4df6-8a97-31b6d0d143bd')
GO
INSERT [dbo].[Transportations] ([TransportationID], [Confirmation], [Type], [Depart], [DepartLocationLocationID], [Arrive], [ArriveLocationLocationID], [Carrier], [Identifer], [Discriminator], [QuoteID], [QuoteRequestID], [DepartureAirPortID], [ArrivalAirPortID], [Quoted], [Side], [TripQuoteID]) VALUES (23, NULL, 0, CAST(N'2020-04-11T08:55:00.0000000' AS DateTime2), 252, CAST(N'2020-04-11T10:11:00.0000000' AS DateTime2), 249, NULL, NULL, N'Flight', NULL, 2, 1, 3, CAST(N'0001-01-01T00:00:00.0000000' AS DateTime2), 0, N'7f6c08c9-3290-4188-aaa9-b0d0cb7cc768')
GO
INSERT [dbo].[Transportations] ([TransportationID], [Confirmation], [Type], [Depart], [DepartLocationLocationID], [Arrive], [ArriveLocationLocationID], [Carrier], [Identifer], [Discriminator], [QuoteID], [QuoteRequestID], [DepartureAirPortID], [ArrivalAirPortID], [Quoted], [Side], [TripQuoteID]) VALUES (24, NULL, 0, CAST(N'2020-04-11T13:40:00.0000000' AS DateTime2), 260, CAST(N'2020-04-11T15:17:00.0000000' AS DateTime2), 257, NULL, NULL, N'Flight', NULL, 2, 3, 4, CAST(N'0001-01-01T00:00:00.0000000' AS DateTime2), 0, N'7f6c08c9-3290-4188-aaa9-b0d0cb7cc768')
GO
INSERT [dbo].[Transportations] ([TransportationID], [Confirmation], [Type], [Depart], [DepartLocationLocationID], [Arrive], [ArriveLocationLocationID], [Carrier], [Identifer], [Discriminator], [QuoteID], [QuoteRequestID], [DepartureAirPortID], [ArrivalAirPortID], [Quoted], [Side], [TripQuoteID]) VALUES (25, NULL, 0, CAST(N'2020-04-15T10:45:00.0000000' AS DateTime2), 240, CAST(N'2020-04-15T12:27:00.0000000' AS DateTime2), 243, NULL, NULL, N'Flight', NULL, 2, 4, 3, CAST(N'0001-01-01T00:00:00.0000000' AS DateTime2), 0, N'7f6c08c9-3290-4188-aaa9-b0d0cb7cc768')
GO
INSERT [dbo].[Transportations] ([TransportationID], [Confirmation], [Type], [Depart], [DepartLocationLocationID], [Arrive], [ArriveLocationLocationID], [Carrier], [Identifer], [Discriminator], [QuoteID], [QuoteRequestID], [DepartureAirPortID], [ArrivalAirPortID], [Quoted], [Side], [TripQuoteID]) VALUES (26, NULL, 0, CAST(N'2020-04-15T15:00:00.0000000' AS DateTime2), 226, CAST(N'2020-04-15T16:19:00.0000000' AS DateTime2), 223, NULL, NULL, N'Flight', NULL, 2, 3, 1, CAST(N'0001-01-01T00:00:00.0000000' AS DateTime2), 0, N'7f6c08c9-3290-4188-aaa9-b0d0cb7cc768')
GO
INSERT [dbo].[Transportations] ([TransportationID], [Confirmation], [Type], [Depart], [DepartLocationLocationID], [Arrive], [ArriveLocationLocationID], [Carrier], [Identifer], [Discriminator], [QuoteID], [QuoteRequestID], [DepartureAirPortID], [ArrivalAirPortID], [Quoted], [Side], [TripQuoteID]) VALUES (27, NULL, 0, CAST(N'2020-04-11T11:00:00.0000000' AS DateTime2), 233, CAST(N'2020-04-11T12:18:00.0000000' AS DateTime2), 230, NULL, NULL, N'Flight', NULL, 2, 1, 3, CAST(N'0001-01-01T00:00:00.0000000' AS DateTime2), 0, N'ce1a28bc-b6cb-4cab-ac6b-db54cde91973')
GO
INSERT [dbo].[Transportations] ([TransportationID], [Confirmation], [Type], [Depart], [DepartLocationLocationID], [Arrive], [ArriveLocationLocationID], [Carrier], [Identifer], [Discriminator], [QuoteID], [QuoteRequestID], [DepartureAirPortID], [ArrivalAirPortID], [Quoted], [Side], [TripQuoteID]) VALUES (28, NULL, 0, CAST(N'2020-04-11T13:40:00.0000000' AS DateTime2), 216, CAST(N'2020-04-11T15:17:00.0000000' AS DateTime2), 238, NULL, NULL, N'Flight', NULL, 2, 3, 4, CAST(N'0001-01-01T00:00:00.0000000' AS DateTime2), 0, N'ce1a28bc-b6cb-4cab-ac6b-db54cde91973')
GO
INSERT [dbo].[Transportations] ([TransportationID], [Confirmation], [Type], [Depart], [DepartLocationLocationID], [Arrive], [ArriveLocationLocationID], [Carrier], [Identifer], [Discriminator], [QuoteID], [QuoteRequestID], [DepartureAirPortID], [ArrivalAirPortID], [Quoted], [Side], [TripQuoteID]) VALUES (29, NULL, 0, CAST(N'2020-04-15T10:45:00.0000000' AS DateTime2), 99, CAST(N'2020-04-15T12:27:00.0000000' AS DateTime2), 96, NULL, NULL, N'Flight', NULL, 2, 4, 3, CAST(N'0001-01-01T00:00:00.0000000' AS DateTime2), 0, N'ce1a28bc-b6cb-4cab-ac6b-db54cde91973')
GO
INSERT [dbo].[Transportations] ([TransportationID], [Confirmation], [Type], [Depart], [DepartLocationLocationID], [Arrive], [ArriveLocationLocationID], [Carrier], [Identifer], [Discriminator], [QuoteID], [QuoteRequestID], [DepartureAirPortID], [ArrivalAirPortID], [Quoted], [Side], [TripQuoteID]) VALUES (30, NULL, 0, CAST(N'2020-04-15T15:00:00.0000000' AS DateTime2), 107, CAST(N'2020-04-15T16:19:00.0000000' AS DateTime2), 104, NULL, NULL, N'Flight', NULL, 2, 3, 1, CAST(N'0001-01-01T00:00:00.0000000' AS DateTime2), 0, N'ce1a28bc-b6cb-4cab-ac6b-db54cde91973')
GO
INSERT [dbo].[Transportations] ([TransportationID], [Confirmation], [Type], [Depart], [DepartLocationLocationID], [Arrive], [ArriveLocationLocationID], [Carrier], [Identifer], [Discriminator], [QuoteID], [QuoteRequestID], [DepartureAirPortID], [ArrivalAirPortID], [Quoted], [Side], [TripQuoteID]) VALUES (31, NULL, 0, CAST(N'2020-04-11T11:00:00.0000000' AS DateTime2), 93, CAST(N'2020-04-11T12:18:00.0000000' AS DateTime2), 112, NULL, NULL, N'Flight', NULL, 2, 1, 3, CAST(N'0001-01-01T00:00:00.0000000' AS DateTime2), 0, N'32cbdf7b-b4fb-463c-ae58-a33c1f624dc7')
GO
INSERT [dbo].[Transportations] ([TransportationID], [Confirmation], [Type], [Depart], [DepartLocationLocationID], [Arrive], [ArriveLocationLocationID], [Carrier], [Identifer], [Discriminator], [QuoteID], [QuoteRequestID], [DepartureAirPortID], [ArrivalAirPortID], [Quoted], [Side], [TripQuoteID]) VALUES (32, NULL, 0, CAST(N'2020-04-11T13:40:00.0000000' AS DateTime2), 73, CAST(N'2020-04-11T15:17:00.0000000' AS DateTime2), 70, NULL, NULL, N'Flight', NULL, 2, 3, 4, CAST(N'0001-01-01T00:00:00.0000000' AS DateTime2), 0, N'32cbdf7b-b4fb-463c-ae58-a33c1f624dc7')
GO
INSERT [dbo].[Transportations] ([TransportationID], [Confirmation], [Type], [Depart], [DepartLocationLocationID], [Arrive], [ArriveLocationLocationID], [Carrier], [Identifer], [Discriminator], [QuoteID], [QuoteRequestID], [DepartureAirPortID], [ArrivalAirPortID], [Quoted], [Side], [TripQuoteID]) VALUES (33, NULL, 0, CAST(N'2020-04-15T17:00:00.0000000' AS DateTime2), 81, CAST(N'2020-04-15T18:54:00.0000000' AS DateTime2), 78, NULL, NULL, N'Flight', NULL, 2, 4, 3, CAST(N'0001-01-01T00:00:00.0000000' AS DateTime2), 0, N'32cbdf7b-b4fb-463c-ae58-a33c1f624dc7')
GO
INSERT [dbo].[Transportations] ([TransportationID], [Confirmation], [Type], [Depart], [DepartLocationLocationID], [Arrive], [ArriveLocationLocationID], [Carrier], [Identifer], [Discriminator], [QuoteID], [QuoteRequestID], [DepartureAirPortID], [ArrivalAirPortID], [Quoted], [Side], [TripQuoteID]) VALUES (34, NULL, 0, CAST(N'2020-04-15T21:35:00.0000000' AS DateTime2), 89, CAST(N'2020-04-15T22:53:00.0000000' AS DateTime2), 86, NULL, NULL, N'Flight', NULL, 2, 3, 1, CAST(N'0001-01-01T00:00:00.0000000' AS DateTime2), 0, N'32cbdf7b-b4fb-463c-ae58-a33c1f624dc7')
GO
INSERT [dbo].[Transportations] ([TransportationID], [Confirmation], [Type], [Depart], [DepartLocationLocationID], [Arrive], [ArriveLocationLocationID], [Carrier], [Identifer], [Discriminator], [QuoteID], [QuoteRequestID], [DepartureAirPortID], [ArrivalAirPortID], [Quoted], [Side], [TripQuoteID]) VALUES (35, NULL, 0, CAST(N'2020-04-11T08:55:00.0000000' AS DateTime2), 147, CAST(N'2020-04-11T10:11:00.0000000' AS DateTime2), 144, NULL, NULL, N'Flight', NULL, 2, 1, 3, CAST(N'0001-01-01T00:00:00.0000000' AS DateTime2), 0, N'1aead3a3-45fe-43bc-b6ed-666b8e659082')
GO
INSERT [dbo].[Transportations] ([TransportationID], [Confirmation], [Type], [Depart], [DepartLocationLocationID], [Arrive], [ArriveLocationLocationID], [Carrier], [Identifer], [Discriminator], [QuoteID], [QuoteRequestID], [DepartureAirPortID], [ArrivalAirPortID], [Quoted], [Side], [TripQuoteID]) VALUES (36, NULL, 0, CAST(N'2020-04-11T13:40:00.0000000' AS DateTime2), 155, CAST(N'2020-04-11T15:17:00.0000000' AS DateTime2), 152, NULL, NULL, N'Flight', NULL, 2, 3, 4, CAST(N'0001-01-01T00:00:00.0000000' AS DateTime2), 0, N'1aead3a3-45fe-43bc-b6ed-666b8e659082')
GO
INSERT [dbo].[Transportations] ([TransportationID], [Confirmation], [Type], [Depart], [DepartLocationLocationID], [Arrive], [ArriveLocationLocationID], [Carrier], [Identifer], [Discriminator], [QuoteID], [QuoteRequestID], [DepartureAirPortID], [ArrivalAirPortID], [Quoted], [Side], [TripQuoteID]) VALUES (37, NULL, 0, CAST(N'2020-04-15T17:00:00.0000000' AS DateTime2), 163, CAST(N'2020-04-15T18:54:00.0000000' AS DateTime2), 160, NULL, NULL, N'Flight', NULL, 2, 4, 3, CAST(N'0001-01-01T00:00:00.0000000' AS DateTime2), 0, N'1aead3a3-45fe-43bc-b6ed-666b8e659082')
GO
INSERT [dbo].[Transportations] ([TransportationID], [Confirmation], [Type], [Depart], [DepartLocationLocationID], [Arrive], [ArriveLocationLocationID], [Carrier], [Identifer], [Discriminator], [QuoteID], [QuoteRequestID], [DepartureAirPortID], [ArrivalAirPortID], [Quoted], [Side], [TripQuoteID]) VALUES (38, NULL, 0, CAST(N'2020-04-15T19:35:00.0000000' AS DateTime2), 2, CAST(N'2020-04-15T20:55:00.0000000' AS DateTime2), 4, NULL, NULL, N'Flight', NULL, 2, 3, 1, CAST(N'0001-01-01T00:00:00.0000000' AS DateTime2), 0, N'b0bcdea6-a386-4c80-8fcc-b04ba44f74b8')
GO
INSERT [dbo].[Transportations] ([TransportationID], [Confirmation], [Type], [Depart], [DepartLocationLocationID], [Arrive], [ArriveLocationLocationID], [Carrier], [Identifer], [Discriminator], [QuoteID], [QuoteRequestID], [DepartureAirPortID], [ArrivalAirPortID], [Quoted], [Side], [TripQuoteID]) VALUES (39, NULL, 0, CAST(N'2020-04-15T19:35:00.0000000' AS DateTime2), 121, CAST(N'2020-04-15T20:55:00.0000000' AS DateTime2), 140, NULL, NULL, N'Flight', NULL, 2, 3, 1, CAST(N'0001-01-01T00:00:00.0000000' AS DateTime2), 0, N'1aead3a3-45fe-43bc-b6ed-666b8e659082')
GO
INSERT [dbo].[Transportations] ([TransportationID], [Confirmation], [Type], [Depart], [DepartLocationLocationID], [Arrive], [ArriveLocationLocationID], [Carrier], [Identifer], [Discriminator], [QuoteID], [QuoteRequestID], [DepartureAirPortID], [ArrivalAirPortID], [Quoted], [Side], [TripQuoteID]) VALUES (40, NULL, 0, CAST(N'2020-04-15T14:30:00.0000000' AS DateTime2), 28, CAST(N'2020-04-15T16:24:00.0000000' AS DateTime2), 30, NULL, NULL, N'Flight', NULL, 2, 4, 3, CAST(N'0001-01-01T00:00:00.0000000' AS DateTime2), 0, N'b0bcdea6-a386-4c80-8fcc-b04ba44f74b8')
GO
INSERT [dbo].[Transportations] ([TransportationID], [Confirmation], [Type], [Depart], [DepartLocationLocationID], [Arrive], [ArriveLocationLocationID], [Carrier], [Identifer], [Discriminator], [QuoteID], [QuoteRequestID], [DepartureAirPortID], [ArrivalAirPortID], [Quoted], [Side], [TripQuoteID]) VALUES (41, NULL, 0, CAST(N'2020-04-11T06:00:00.0000000' AS DateTime2), 57, CAST(N'2020-04-11T07:41:00.0000000' AS DateTime2), 59, NULL, NULL, N'Flight', NULL, 2, 1, 5, CAST(N'0001-01-01T00:00:00.0000000' AS DateTime2), 0, N'b0bcdea6-a386-4c80-8fcc-b04ba44f74b8')
GO
INSERT [dbo].[Transportations] ([TransportationID], [Confirmation], [Type], [Depart], [DepartLocationLocationID], [Arrive], [ArriveLocationLocationID], [Carrier], [Identifer], [Discriminator], [QuoteID], [QuoteRequestID], [DepartureAirPortID], [ArrivalAirPortID], [Quoted], [Side], [TripQuoteID]) VALUES (42, NULL, 0, CAST(N'2020-04-11T20:31:00.0000000' AS DateTime2), 18, CAST(N'2020-04-11T21:51:00.0000000' AS DateTime2), 16, N'Delta Airlines', NULL, N'Flight', NULL, 2, 5, 4, CAST(N'0001-01-01T00:00:00.0000000' AS DateTime2), 0, N'701e0c80-2ae4-4a9e-a7cf-f395b50fedec')
GO
INSERT [dbo].[Transportations] ([TransportationID], [Confirmation], [Type], [Depart], [DepartLocationLocationID], [Arrive], [ArriveLocationLocationID], [Carrier], [Identifer], [Discriminator], [QuoteID], [QuoteRequestID], [DepartureAirPortID], [ArrivalAirPortID], [Quoted], [Side], [TripQuoteID]) VALUES (43, NULL, 0, CAST(N'2020-04-15T17:00:00.0000000' AS DateTime2), 23, CAST(N'2020-04-15T18:54:00.0000000' AS DateTime2), 20, N'Delta Airlines', NULL, N'Flight', NULL, 2, 4, 3, CAST(N'0001-01-01T00:00:00.0000000' AS DateTime2), 0, N'701e0c80-2ae4-4a9e-a7cf-f395b50fedec')
GO
INSERT [dbo].[Transportations] ([TransportationID], [Confirmation], [Type], [Depart], [DepartLocationLocationID], [Arrive], [ArriveLocationLocationID], [Carrier], [Identifer], [Discriminator], [QuoteID], [QuoteRequestID], [DepartureAirPortID], [ArrivalAirPortID], [Quoted], [Side], [TripQuoteID]) VALUES (44, NULL, 0, CAST(N'2020-04-15T19:35:00.0000000' AS DateTime2), 11, CAST(N'2020-04-15T20:55:00.0000000' AS DateTime2), 10, N'Delta Airlines', NULL, N'Flight', NULL, 2, 3, 1, CAST(N'0001-01-01T00:00:00.0000000' AS DateTime2), 0, N'701e0c80-2ae4-4a9e-a7cf-f395b50fedec')
GO
INSERT [dbo].[Transportations] ([TransportationID], [Confirmation], [Type], [Depart], [DepartLocationLocationID], [Arrive], [ArriveLocationLocationID], [Carrier], [Identifer], [Discriminator], [QuoteID], [QuoteRequestID], [DepartureAirPortID], [ArrivalAirPortID], [Quoted], [Side], [TripQuoteID]) VALUES (45, NULL, 0, CAST(N'2020-04-11T06:00:00.0000000' AS DateTime2), 7, CAST(N'2020-04-11T07:41:00.0000000' AS DateTime2), 8, NULL, NULL, N'Flight', NULL, 2, 1, 5, CAST(N'0001-01-01T00:00:00.0000000' AS DateTime2), 0, N'7f3a876f-320f-4874-aac2-0c0db2daf23c')
GO
INSERT [dbo].[Transportations] ([TransportationID], [Confirmation], [Type], [Depart], [DepartLocationLocationID], [Arrive], [ArriveLocationLocationID], [Carrier], [Identifer], [Discriminator], [QuoteID], [QuoteRequestID], [DepartureAirPortID], [ArrivalAirPortID], [Quoted], [Side], [TripQuoteID]) VALUES (46, NULL, 0, CAST(N'2020-04-11T09:55:00.0000000' AS DateTime2), 3, CAST(N'2020-04-11T11:11:00.0000000' AS DateTime2), 9, NULL, NULL, N'Flight', NULL, 2, 5, 4, CAST(N'0001-01-01T00:00:00.0000000' AS DateTime2), 0, N'7f3a876f-320f-4874-aac2-0c0db2daf23c')
GO
INSERT [dbo].[Transportations] ([TransportationID], [Confirmation], [Type], [Depart], [DepartLocationLocationID], [Arrive], [ArriveLocationLocationID], [Carrier], [Identifer], [Discriminator], [QuoteID], [QuoteRequestID], [DepartureAirPortID], [ArrivalAirPortID], [Quoted], [Side], [TripQuoteID]) VALUES (47, NULL, 0, CAST(N'2020-04-15T10:45:00.0000000' AS DateTime2), 50, CAST(N'2020-04-15T12:27:00.0000000' AS DateTime2), 25, NULL, NULL, N'Flight', NULL, 2, 4, 3, CAST(N'0001-01-01T00:00:00.0000000' AS DateTime2), 0, N'7f3a876f-320f-4874-aac2-0c0db2daf23c')
GO
INSERT [dbo].[Transportations] ([TransportationID], [Confirmation], [Type], [Depart], [DepartLocationLocationID], [Arrive], [ArriveLocationLocationID], [Carrier], [Identifer], [Discriminator], [QuoteID], [QuoteRequestID], [DepartureAirPortID], [ArrivalAirPortID], [Quoted], [Side], [TripQuoteID]) VALUES (48, NULL, 0, CAST(N'2020-04-15T15:00:00.0000000' AS DateTime2), 54, CAST(N'2020-04-15T16:19:00.0000000' AS DateTime2), 52, NULL, NULL, N'Flight', NULL, 2, 3, 1, CAST(N'0001-01-01T00:00:00.0000000' AS DateTime2), 0, N'7f3a876f-320f-4874-aac2-0c0db2daf23c')
GO
INSERT [dbo].[Transportations] ([TransportationID], [Confirmation], [Type], [Depart], [DepartLocationLocationID], [Arrive], [ArriveLocationLocationID], [Carrier], [Identifer], [Discriminator], [QuoteID], [QuoteRequestID], [DepartureAirPortID], [ArrivalAirPortID], [Quoted], [Side], [TripQuoteID]) VALUES (49, NULL, 0, CAST(N'2020-04-11T17:56:00.0000000' AS DateTime2), 60, CAST(N'2020-04-11T19:36:00.0000000' AS DateTime2), 58, NULL, NULL, N'Flight', NULL, 2, 1, 5, CAST(N'0001-01-01T00:00:00.0000000' AS DateTime2), 0, N'615c1645-0dc2-48c4-862f-eda42ba1f8a0')
GO
INSERT [dbo].[Transportations] ([TransportationID], [Confirmation], [Type], [Depart], [DepartLocationLocationID], [Arrive], [ArriveLocationLocationID], [Carrier], [Identifer], [Discriminator], [QuoteID], [QuoteRequestID], [DepartureAirPortID], [ArrivalAirPortID], [Quoted], [Side], [TripQuoteID]) VALUES (50, NULL, 0, CAST(N'2020-04-11T20:31:00.0000000' AS DateTime2), 48, CAST(N'2020-04-11T21:51:00.0000000' AS DateTime2), 64, NULL, NULL, N'Flight', NULL, 2, 5, 4, CAST(N'0001-01-01T00:00:00.0000000' AS DateTime2), 0, N'615c1645-0dc2-48c4-862f-eda42ba1f8a0')
GO
INSERT [dbo].[Transportations] ([TransportationID], [Confirmation], [Type], [Depart], [DepartLocationLocationID], [Arrive], [ArriveLocationLocationID], [Carrier], [Identifer], [Discriminator], [QuoteID], [QuoteRequestID], [DepartureAirPortID], [ArrivalAirPortID], [Quoted], [Side], [TripQuoteID]) VALUES (51, NULL, 0, CAST(N'2020-04-15T10:45:00.0000000' AS DateTime2), 34, CAST(N'2020-04-15T12:27:00.0000000' AS DateTime2), 32, NULL, NULL, N'Flight', NULL, 2, 4, 3, CAST(N'0001-01-01T00:00:00.0000000' AS DateTime2), 0, N'615c1645-0dc2-48c4-862f-eda42ba1f8a0')
GO
INSERT [dbo].[Transportations] ([TransportationID], [Confirmation], [Type], [Depart], [DepartLocationLocationID], [Arrive], [ArriveLocationLocationID], [Carrier], [Identifer], [Discriminator], [QuoteID], [QuoteRequestID], [DepartureAirPortID], [ArrivalAirPortID], [Quoted], [Side], [TripQuoteID]) VALUES (52, NULL, 0, CAST(N'2020-04-15T15:00:00.0000000' AS DateTime2), 40, CAST(N'2020-04-15T16:19:00.0000000' AS DateTime2), 37, NULL, NULL, N'Flight', NULL, 2, 3, 1, CAST(N'0001-01-01T00:00:00.0000000' AS DateTime2), 0, N'615c1645-0dc2-48c4-862f-eda42ba1f8a0')
GO
INSERT [dbo].[Transportations] ([TransportationID], [Confirmation], [Type], [Depart], [DepartLocationLocationID], [Arrive], [ArriveLocationLocationID], [Carrier], [Identifer], [Discriminator], [QuoteID], [QuoteRequestID], [DepartureAirPortID], [ArrivalAirPortID], [Quoted], [Side], [TripQuoteID]) VALUES (53, NULL, 0, CAST(N'2020-04-11T17:56:00.0000000' AS DateTime2), 66, CAST(N'2020-04-11T19:36:00.0000000' AS DateTime2), 44, NULL, NULL, N'Flight', NULL, 2, 1, 5, CAST(N'0001-01-01T00:00:00.0000000' AS DateTime2), 0, N'60b14fef-5d2e-4642-b441-046d2a2f86bc')
GO
INSERT [dbo].[Transportations] ([TransportationID], [Confirmation], [Type], [Depart], [DepartLocationLocationID], [Arrive], [ArriveLocationLocationID], [Carrier], [Identifer], [Discriminator], [QuoteID], [QuoteRequestID], [DepartureAirPortID], [ArrivalAirPortID], [Quoted], [Side], [TripQuoteID]) VALUES (54, NULL, 0, CAST(N'2020-04-11T20:31:00.0000000' AS DateTime2), 35, CAST(N'2020-04-11T21:51:00.0000000' AS DateTime2), 39, NULL, NULL, N'Flight', NULL, 2, 5, 4, CAST(N'0001-01-01T00:00:00.0000000' AS DateTime2), 0, N'60b14fef-5d2e-4642-b441-046d2a2f86bc')
GO
INSERT [dbo].[Transportations] ([TransportationID], [Confirmation], [Type], [Depart], [DepartLocationLocationID], [Arrive], [ArriveLocationLocationID], [Carrier], [Identifer], [Discriminator], [QuoteID], [QuoteRequestID], [DepartureAirPortID], [ArrivalAirPortID], [Quoted], [Side], [TripQuoteID]) VALUES (55, NULL, 0, CAST(N'2020-04-15T17:00:00.0000000' AS DateTime2), 56, CAST(N'2020-04-15T18:54:00.0000000' AS DateTime2), 61, NULL, NULL, N'Flight', NULL, 2, 4, 3, CAST(N'0001-01-01T00:00:00.0000000' AS DateTime2), 0, N'60b14fef-5d2e-4642-b441-046d2a2f86bc')
GO
INSERT [dbo].[Transportations] ([TransportationID], [Confirmation], [Type], [Depart], [DepartLocationLocationID], [Arrive], [ArriveLocationLocationID], [Carrier], [Identifer], [Discriminator], [QuoteID], [QuoteRequestID], [DepartureAirPortID], [ArrivalAirPortID], [Quoted], [Side], [TripQuoteID]) VALUES (56, NULL, 0, CAST(N'2020-04-15T21:35:00.0000000' AS DateTime2), 5, CAST(N'2020-04-15T22:53:00.0000000' AS DateTime2), 47, NULL, NULL, N'Flight', NULL, 2, 3, 1, CAST(N'0001-01-01T00:00:00.0000000' AS DateTime2), 0, N'60b14fef-5d2e-4642-b441-046d2a2f86bc')
GO
INSERT [dbo].[Transportations] ([TransportationID], [Confirmation], [Type], [Depart], [DepartLocationLocationID], [Arrive], [ArriveLocationLocationID], [Carrier], [Identifer], [Discriminator], [QuoteID], [QuoteRequestID], [DepartureAirPortID], [ArrivalAirPortID], [Quoted], [Side], [TripQuoteID]) VALUES (57, NULL, 0, CAST(N'2020-04-11T17:56:00.0000000' AS DateTime2), 26, CAST(N'2020-04-11T19:36:00.0000000' AS DateTime2), 27, NULL, NULL, N'Flight', NULL, 2, 1, 5, CAST(N'0001-01-01T00:00:00.0000000' AS DateTime2), 0, N'286a8d04-73f1-41cc-b2dd-930fc961206b')
GO
INSERT [dbo].[Transportations] ([TransportationID], [Confirmation], [Type], [Depart], [DepartLocationLocationID], [Arrive], [ArriveLocationLocationID], [Carrier], [Identifer], [Discriminator], [QuoteID], [QuoteRequestID], [DepartureAirPortID], [ArrivalAirPortID], [Quoted], [Side], [TripQuoteID]) VALUES (58, NULL, 0, CAST(N'2020-04-11T20:31:00.0000000' AS DateTime2), 15, CAST(N'2020-04-11T21:51:00.0000000' AS DateTime2), 19, NULL, NULL, N'Flight', NULL, 2, 5, 4, CAST(N'0001-01-01T00:00:00.0000000' AS DateTime2), 0, N'286a8d04-73f1-41cc-b2dd-930fc961206b')
GO
INSERT [dbo].[Transportations] ([TransportationID], [Confirmation], [Type], [Depart], [DepartLocationLocationID], [Arrive], [ArriveLocationLocationID], [Carrier], [Identifer], [Discriminator], [QuoteID], [QuoteRequestID], [DepartureAirPortID], [ArrivalAirPortID], [Quoted], [Side], [TripQuoteID]) VALUES (59, NULL, 0, CAST(N'2020-04-15T14:30:00.0000000' AS DateTime2), 13, CAST(N'2020-04-15T16:24:00.0000000' AS DateTime2), 65, NULL, NULL, N'Flight', NULL, 2, 4, 3, CAST(N'0001-01-01T00:00:00.0000000' AS DateTime2), 0, N'286a8d04-73f1-41cc-b2dd-930fc961206b')
GO
INSERT [dbo].[Transportations] ([TransportationID], [Confirmation], [Type], [Depart], [DepartLocationLocationID], [Arrive], [ArriveLocationLocationID], [Carrier], [Identifer], [Discriminator], [QuoteID], [QuoteRequestID], [DepartureAirPortID], [ArrivalAirPortID], [Quoted], [Side], [TripQuoteID]) VALUES (60, NULL, 0, CAST(N'2020-04-15T19:35:00.0000000' AS DateTime2), 24, CAST(N'2020-04-15T20:55:00.0000000' AS DateTime2), 22, NULL, NULL, N'Flight', NULL, 2, 3, 1, CAST(N'0001-01-01T00:00:00.0000000' AS DateTime2), 0, N'286a8d04-73f1-41cc-b2dd-930fc961206b')
GO
INSERT [dbo].[Transportations] ([TransportationID], [Confirmation], [Type], [Depart], [DepartLocationLocationID], [Arrive], [ArriveLocationLocationID], [Carrier], [Identifer], [Discriminator], [QuoteID], [QuoteRequestID], [DepartureAirPortID], [ArrivalAirPortID], [Quoted], [Side], [TripQuoteID]) VALUES (61, NULL, 0, CAST(N'2020-04-11T06:00:00.0000000' AS DateTime2), 1, CAST(N'2020-04-11T07:41:00.0000000' AS DateTime2), 6, NULL, NULL, N'Flight', NULL, 2, 1, 5, CAST(N'0001-01-01T00:00:00.0000000' AS DateTime2), 0, N'785fb0b7-14e2-4b16-b920-ab515d53bb19')
GO
INSERT [dbo].[Transportations] ([TransportationID], [Confirmation], [Type], [Depart], [DepartLocationLocationID], [Arrive], [ArriveLocationLocationID], [Carrier], [Identifer], [Discriminator], [QuoteID], [QuoteRequestID], [DepartureAirPortID], [ArrivalAirPortID], [Quoted], [Side], [TripQuoteID]) VALUES (62, NULL, 0, CAST(N'2020-04-11T09:55:00.0000000' AS DateTime2), 55, CAST(N'2020-04-11T11:11:00.0000000' AS DateTime2), 29, NULL, NULL, N'Flight', NULL, 2, 5, 4, CAST(N'0001-01-01T00:00:00.0000000' AS DateTime2), 0, N'785fb0b7-14e2-4b16-b920-ab515d53bb19')
GO
INSERT [dbo].[Transportations] ([TransportationID], [Confirmation], [Type], [Depart], [DepartLocationLocationID], [Arrive], [ArriveLocationLocationID], [Carrier], [Identifer], [Discriminator], [QuoteID], [QuoteRequestID], [DepartureAirPortID], [ArrivalAirPortID], [Quoted], [Side], [TripQuoteID]) VALUES (63, NULL, 0, CAST(N'2020-04-15T17:00:00.0000000' AS DateTime2), 46, CAST(N'2020-04-15T18:54:00.0000000' AS DateTime2), 62, NULL, NULL, N'Flight', NULL, 2, 4, 3, CAST(N'0001-01-01T00:00:00.0000000' AS DateTime2), 0, N'785fb0b7-14e2-4b16-b920-ab515d53bb19')
GO
INSERT [dbo].[Transportations] ([TransportationID], [Confirmation], [Type], [Depart], [DepartLocationLocationID], [Arrive], [ArriveLocationLocationID], [Carrier], [Identifer], [Discriminator], [QuoteID], [QuoteRequestID], [DepartureAirPortID], [ArrivalAirPortID], [Quoted], [Side], [TripQuoteID]) VALUES (64, NULL, 0, CAST(N'2020-04-15T19:35:00.0000000' AS DateTime2), 45, CAST(N'2020-04-15T20:55:00.0000000' AS DateTime2), 41, NULL, NULL, N'Flight', NULL, 2, 3, 1, CAST(N'0001-01-01T00:00:00.0000000' AS DateTime2), 0, N'785fb0b7-14e2-4b16-b920-ab515d53bb19')
GO
INSERT [dbo].[Transportations] ([TransportationID], [Confirmation], [Type], [Depart], [DepartLocationLocationID], [Arrive], [ArriveLocationLocationID], [Carrier], [Identifer], [Discriminator], [QuoteID], [QuoteRequestID], [DepartureAirPortID], [ArrivalAirPortID], [Quoted], [Side], [TripQuoteID]) VALUES (65, NULL, 0, CAST(N'2020-04-11T06:00:00.0000000' AS DateTime2), 42, CAST(N'2020-04-11T07:41:00.0000000' AS DateTime2), 43, NULL, NULL, N'Flight', NULL, 2, 1, 5, CAST(N'0001-01-01T00:00:00.0000000' AS DateTime2), 0, N'75fd9bbd-04c4-487f-8546-46c436ade447')
GO
INSERT [dbo].[Transportations] ([TransportationID], [Confirmation], [Type], [Depart], [DepartLocationLocationID], [Arrive], [ArriveLocationLocationID], [Carrier], [Identifer], [Discriminator], [QuoteID], [QuoteRequestID], [DepartureAirPortID], [ArrivalAirPortID], [Quoted], [Side], [TripQuoteID]) VALUES (66, NULL, 0, CAST(N'2020-04-11T09:55:00.0000000' AS DateTime2), 36, CAST(N'2020-04-11T11:11:00.0000000' AS DateTime2), 38, NULL, NULL, N'Flight', NULL, 2, 5, 4, CAST(N'0001-01-01T00:00:00.0000000' AS DateTime2), 0, N'75fd9bbd-04c4-487f-8546-46c436ade447')
GO
INSERT [dbo].[Transportations] ([TransportationID], [Confirmation], [Type], [Depart], [DepartLocationLocationID], [Arrive], [ArriveLocationLocationID], [Carrier], [Identifer], [Discriminator], [QuoteID], [QuoteRequestID], [DepartureAirPortID], [ArrivalAirPortID], [Quoted], [Side], [TripQuoteID]) VALUES (67, NULL, 0, CAST(N'2020-04-15T17:00:00.0000000' AS DateTime2), 31, CAST(N'2020-04-15T18:54:00.0000000' AS DateTime2), 33, NULL, NULL, N'Flight', NULL, 2, 4, 3, CAST(N'0001-01-01T00:00:00.0000000' AS DateTime2), 0, N'75fd9bbd-04c4-487f-8546-46c436ade447')
GO
INSERT [dbo].[Transportations] ([TransportationID], [Confirmation], [Type], [Depart], [DepartLocationLocationID], [Arrive], [ArriveLocationLocationID], [Carrier], [Identifer], [Discriminator], [QuoteID], [QuoteRequestID], [DepartureAirPortID], [ArrivalAirPortID], [Quoted], [Side], [TripQuoteID]) VALUES (68, NULL, 0, CAST(N'2020-04-15T21:35:00.0000000' AS DateTime2), 63, CAST(N'2020-04-15T22:53:00.0000000' AS DateTime2), 49, NULL, NULL, N'Flight', NULL, 2, 3, 1, CAST(N'0001-01-01T00:00:00.0000000' AS DateTime2), 0, N'75fd9bbd-04c4-487f-8546-46c436ade447')
GO
INSERT [dbo].[Transportations] ([TransportationID], [Confirmation], [Type], [Depart], [DepartLocationLocationID], [Arrive], [ArriveLocationLocationID], [Carrier], [Identifer], [Discriminator], [QuoteID], [QuoteRequestID], [DepartureAirPortID], [ArrivalAirPortID], [Quoted], [Side], [TripQuoteID]) VALUES (69, NULL, 0, CAST(N'2020-04-11T09:55:00.0000000' AS DateTime2), 51, CAST(N'2020-04-11T11:11:00.0000000' AS DateTime2), 53, NULL, NULL, N'Flight', NULL, 2, 5, 4, CAST(N'0001-01-01T00:00:00.0000000' AS DateTime2), 0, N'b0bcdea6-a386-4c80-8fcc-b04ba44f74b8')
GO
INSERT [dbo].[Transportations] ([TransportationID], [Confirmation], [Type], [Depart], [DepartLocationLocationID], [Arrive], [ArriveLocationLocationID], [Carrier], [Identifer], [Discriminator], [QuoteID], [QuoteRequestID], [DepartureAirPortID], [ArrivalAirPortID], [Quoted], [Side], [TripQuoteID]) VALUES (70, NULL, 0, CAST(N'2020-04-11T08:55:00.0000000' AS DateTime2), 129, CAST(N'2020-04-11T10:11:00.0000000' AS DateTime2), 126, NULL, NULL, N'Flight', NULL, 2, 1, 3, CAST(N'0001-01-01T00:00:00.0000000' AS DateTime2), 0, N'd472cea6-8696-45f9-8324-3746d01c15fd')
GO
INSERT [dbo].[Transportations] ([TransportationID], [Confirmation], [Type], [Depart], [DepartLocationLocationID], [Arrive], [ArriveLocationLocationID], [Carrier], [Identifer], [Discriminator], [QuoteID], [QuoteRequestID], [DepartureAirPortID], [ArrivalAirPortID], [Quoted], [Side], [TripQuoteID]) VALUES (71, NULL, 0, CAST(N'2020-04-11T13:40:00.0000000' AS DateTime2), 137, CAST(N'2020-04-11T15:17:00.0000000' AS DateTime2), 134, NULL, NULL, N'Flight', NULL, 2, 3, 4, CAST(N'0001-01-01T00:00:00.0000000' AS DateTime2), 0, N'd472cea6-8696-45f9-8324-3746d01c15fd')
GO
INSERT [dbo].[Transportations] ([TransportationID], [Confirmation], [Type], [Depart], [DepartLocationLocationID], [Arrive], [ArriveLocationLocationID], [Carrier], [Identifer], [Discriminator], [QuoteID], [QuoteRequestID], [DepartureAirPortID], [ArrivalAirPortID], [Quoted], [Side], [TripQuoteID]) VALUES (72, NULL, 0, CAST(N'2020-04-15T17:00:00.0000000' AS DateTime2), 67, CAST(N'2020-04-15T18:54:00.0000000' AS DateTime2), 200, NULL, NULL, N'Flight', NULL, 2, 4, 3, CAST(N'0001-01-01T00:00:00.0000000' AS DateTime2), 0, N'd472cea6-8696-45f9-8324-3746d01c15fd')
GO
INSERT [dbo].[Transportations] ([TransportationID], [Confirmation], [Type], [Depart], [DepartLocationLocationID], [Arrive], [ArriveLocationLocationID], [Carrier], [Identifer], [Discriminator], [QuoteID], [QuoteRequestID], [DepartureAirPortID], [ArrivalAirPortID], [Quoted], [Side], [TripQuoteID]) VALUES (73, NULL, 0, CAST(N'2020-04-15T17:00:00.0000000' AS DateTime2), 102, CAST(N'2020-04-15T18:54:00.0000000' AS DateTime2), 103, NULL, NULL, N'Flight', NULL, 2, 4, 3, CAST(N'0001-01-01T00:00:00.0000000' AS DateTime2), 0, N'769e78fe-0bcf-40c7-9934-82f052079a36')
GO
INSERT [dbo].[Transportations] ([TransportationID], [Confirmation], [Type], [Depart], [DepartLocationLocationID], [Arrive], [ArriveLocationLocationID], [Carrier], [Identifer], [Discriminator], [QuoteID], [QuoteRequestID], [DepartureAirPortID], [ArrivalAirPortID], [Quoted], [Side], [TripQuoteID]) VALUES (74, NULL, 0, CAST(N'2020-04-15T19:35:00.0000000' AS DateTime2), 100, CAST(N'2020-04-15T20:55:00.0000000' AS DateTime2), 101, NULL, NULL, N'Flight', NULL, 2, 3, 1, CAST(N'0001-01-01T00:00:00.0000000' AS DateTime2), 0, N'769e78fe-0bcf-40c7-9934-82f052079a36')
GO
INSERT [dbo].[Transportations] ([TransportationID], [Confirmation], [Type], [Depart], [DepartLocationLocationID], [Arrive], [ArriveLocationLocationID], [Carrier], [Identifer], [Discriminator], [QuoteID], [QuoteRequestID], [DepartureAirPortID], [ArrivalAirPortID], [Quoted], [Side], [TripQuoteID]) VALUES (75, NULL, 0, CAST(N'2020-04-11T11:00:00.0000000' AS DateTime2), 97, CAST(N'2020-04-11T12:18:00.0000000' AS DateTime2), 98, NULL, NULL, N'Flight', NULL, 2, 1, 3, CAST(N'0001-01-01T00:00:00.0000000' AS DateTime2), 0, N'24dbe535-1e87-4f8a-add5-232594ff835a')
GO
INSERT [dbo].[Transportations] ([TransportationID], [Confirmation], [Type], [Depart], [DepartLocationLocationID], [Arrive], [ArriveLocationLocationID], [Carrier], [Identifer], [Discriminator], [QuoteID], [QuoteRequestID], [DepartureAirPortID], [ArrivalAirPortID], [Quoted], [Side], [TripQuoteID]) VALUES (76, NULL, 0, CAST(N'2020-04-11T15:05:00.0000000' AS DateTime2), 94, CAST(N'2020-04-11T16:49:00.0000000' AS DateTime2), 95, NULL, NULL, N'Flight', NULL, 2, 3, 5, CAST(N'0001-01-01T00:00:00.0000000' AS DateTime2), 0, N'24dbe535-1e87-4f8a-add5-232594ff835a')
GO
INSERT [dbo].[Transportations] ([TransportationID], [Confirmation], [Type], [Depart], [DepartLocationLocationID], [Arrive], [ArriveLocationLocationID], [Carrier], [Identifer], [Discriminator], [QuoteID], [QuoteRequestID], [DepartureAirPortID], [ArrivalAirPortID], [Quoted], [Side], [TripQuoteID]) VALUES (77, NULL, 0, CAST(N'2020-04-11T20:31:00.0000000' AS DateTime2), 167, CAST(N'2020-04-11T21:51:00.0000000' AS DateTime2), 116, NULL, NULL, N'Flight', NULL, 2, 5, 4, CAST(N'0001-01-01T00:00:00.0000000' AS DateTime2), 0, N'24dbe535-1e87-4f8a-add5-232594ff835a')
GO
INSERT [dbo].[Transportations] ([TransportationID], [Confirmation], [Type], [Depart], [DepartLocationLocationID], [Arrive], [ArriveLocationLocationID], [Carrier], [Identifer], [Discriminator], [QuoteID], [QuoteRequestID], [DepartureAirPortID], [ArrivalAirPortID], [Quoted], [Side], [TripQuoteID]) VALUES (78, NULL, 0, CAST(N'2020-04-15T10:45:00.0000000' AS DateTime2), 239, CAST(N'2020-04-15T12:27:00.0000000' AS DateTime2), 168, NULL, NULL, N'Flight', NULL, 2, 4, 3, CAST(N'0001-01-01T00:00:00.0000000' AS DateTime2), 0, N'24dbe535-1e87-4f8a-add5-232594ff835a')
GO
INSERT [dbo].[Transportations] ([TransportationID], [Confirmation], [Type], [Depart], [DepartLocationLocationID], [Arrive], [ArriveLocationLocationID], [Carrier], [Identifer], [Discriminator], [QuoteID], [QuoteRequestID], [DepartureAirPortID], [ArrivalAirPortID], [Quoted], [Side], [TripQuoteID]) VALUES (79, NULL, 0, CAST(N'2020-04-15T15:00:00.0000000' AS DateTime2), 236, CAST(N'2020-04-15T16:19:00.0000000' AS DateTime2), 237, NULL, NULL, N'Flight', NULL, 2, 3, 1, CAST(N'0001-01-01T00:00:00.0000000' AS DateTime2), 0, N'24dbe535-1e87-4f8a-add5-232594ff835a')
GO
INSERT [dbo].[Transportations] ([TransportationID], [Confirmation], [Type], [Depart], [DepartLocationLocationID], [Arrive], [ArriveLocationLocationID], [Carrier], [Identifer], [Discriminator], [QuoteID], [QuoteRequestID], [DepartureAirPortID], [ArrivalAirPortID], [Quoted], [Side], [TripQuoteID]) VALUES (80, NULL, 0, CAST(N'2020-04-11T11:00:00.0000000' AS DateTime2), 234, CAST(N'2020-04-11T12:18:00.0000000' AS DateTime2), 235, NULL, NULL, N'Flight', NULL, 2, 1, 3, CAST(N'0001-01-01T00:00:00.0000000' AS DateTime2), 0, N'99b04f18-08ed-40ca-aafd-216ac524c146')
GO
INSERT [dbo].[Transportations] ([TransportationID], [Confirmation], [Type], [Depart], [DepartLocationLocationID], [Arrive], [ArriveLocationLocationID], [Carrier], [Identifer], [Discriminator], [QuoteID], [QuoteRequestID], [DepartureAirPortID], [ArrivalAirPortID], [Quoted], [Side], [TripQuoteID]) VALUES (81, NULL, 0, CAST(N'2020-04-11T15:05:00.0000000' AS DateTime2), 231, CAST(N'2020-04-11T16:49:00.0000000' AS DateTime2), 232, NULL, NULL, N'Flight', NULL, 2, 3, 5, CAST(N'0001-01-01T00:00:00.0000000' AS DateTime2), 0, N'99b04f18-08ed-40ca-aafd-216ac524c146')
GO
INSERT [dbo].[Transportations] ([TransportationID], [Confirmation], [Type], [Depart], [DepartLocationLocationID], [Arrive], [ArriveLocationLocationID], [Carrier], [Identifer], [Discriminator], [QuoteID], [QuoteRequestID], [DepartureAirPortID], [ArrivalAirPortID], [Quoted], [Side], [TripQuoteID]) VALUES (82, NULL, 0, CAST(N'2020-04-11T20:31:00.0000000' AS DateTime2), 228, CAST(N'2020-04-11T21:51:00.0000000' AS DateTime2), 229, NULL, NULL, N'Flight', NULL, 2, 5, 4, CAST(N'0001-01-01T00:00:00.0000000' AS DateTime2), 0, N'99b04f18-08ed-40ca-aafd-216ac524c146')
GO
INSERT [dbo].[Transportations] ([TransportationID], [Confirmation], [Type], [Depart], [DepartLocationLocationID], [Arrive], [ArriveLocationLocationID], [Carrier], [Identifer], [Discriminator], [QuoteID], [QuoteRequestID], [DepartureAirPortID], [ArrivalAirPortID], [Quoted], [Side], [TripQuoteID]) VALUES (83, NULL, 0, CAST(N'2020-04-15T17:00:00.0000000' AS DateTime2), 227, CAST(N'2020-04-15T18:54:00.0000000' AS DateTime2), 266, NULL, NULL, N'Flight', NULL, 2, 4, 3, CAST(N'0001-01-01T00:00:00.0000000' AS DateTime2), 0, N'99b04f18-08ed-40ca-aafd-216ac524c146')
GO
INSERT [dbo].[Transportations] ([TransportationID], [Confirmation], [Type], [Depart], [DepartLocationLocationID], [Arrive], [ArriveLocationLocationID], [Carrier], [Identifer], [Discriminator], [QuoteID], [QuoteRequestID], [DepartureAirPortID], [ArrivalAirPortID], [Quoted], [Side], [TripQuoteID]) VALUES (84, NULL, 0, CAST(N'2020-04-15T21:35:00.0000000' AS DateTime2), 224, CAST(N'2020-04-15T22:53:00.0000000' AS DateTime2), 225, NULL, NULL, N'Flight', NULL, 2, 3, 1, CAST(N'0001-01-01T00:00:00.0000000' AS DateTime2), 0, N'99b04f18-08ed-40ca-aafd-216ac524c146')
GO
INSERT [dbo].[Transportations] ([TransportationID], [Confirmation], [Type], [Depart], [DepartLocationLocationID], [Arrive], [ArriveLocationLocationID], [Carrier], [Identifer], [Discriminator], [QuoteID], [QuoteRequestID], [DepartureAirPortID], [ArrivalAirPortID], [Quoted], [Side], [TripQuoteID]) VALUES (85, NULL, 0, CAST(N'2020-04-11T11:00:00.0000000' AS DateTime2), 221, CAST(N'2020-04-11T12:18:00.0000000' AS DateTime2), 222, NULL, NULL, N'Flight', NULL, 2, 1, 3, CAST(N'0001-01-01T00:00:00.0000000' AS DateTime2), 0, N'69c34db0-aead-454d-9ae6-fc6ea3f76720')
GO
INSERT [dbo].[Transportations] ([TransportationID], [Confirmation], [Type], [Depart], [DepartLocationLocationID], [Arrive], [ArriveLocationLocationID], [Carrier], [Identifer], [Discriminator], [QuoteID], [QuoteRequestID], [DepartureAirPortID], [ArrivalAirPortID], [Quoted], [Side], [TripQuoteID]) VALUES (86, NULL, 0, CAST(N'2020-04-11T15:05:00.0000000' AS DateTime2), 219, CAST(N'2020-04-11T16:49:00.0000000' AS DateTime2), 220, NULL, NULL, N'Flight', NULL, 2, 3, 5, CAST(N'0001-01-01T00:00:00.0000000' AS DateTime2), 0, N'69c34db0-aead-454d-9ae6-fc6ea3f76720')
GO
INSERT [dbo].[Transportations] ([TransportationID], [Confirmation], [Type], [Depart], [DepartLocationLocationID], [Arrive], [ArriveLocationLocationID], [Carrier], [Identifer], [Discriminator], [QuoteID], [QuoteRequestID], [DepartureAirPortID], [ArrivalAirPortID], [Quoted], [Side], [TripQuoteID]) VALUES (87, NULL, 0, CAST(N'2020-04-11T20:31:00.0000000' AS DateTime2), 265, CAST(N'2020-04-11T21:51:00.0000000' AS DateTime2), 242, NULL, NULL, N'Flight', NULL, 2, 5, 4, CAST(N'0001-01-01T00:00:00.0000000' AS DateTime2), 0, N'69c34db0-aead-454d-9ae6-fc6ea3f76720')
GO
INSERT [dbo].[Transportations] ([TransportationID], [Confirmation], [Type], [Depart], [DepartLocationLocationID], [Arrive], [ArriveLocationLocationID], [Carrier], [Identifer], [Discriminator], [QuoteID], [QuoteRequestID], [DepartureAirPortID], [ArrivalAirPortID], [Quoted], [Side], [TripQuoteID]) VALUES (88, NULL, 0, CAST(N'2020-04-15T14:30:00.0000000' AS DateTime2), 263, CAST(N'2020-04-15T16:24:00.0000000' AS DateTime2), 264, NULL, NULL, N'Flight', NULL, 2, 4, 3, CAST(N'0001-01-01T00:00:00.0000000' AS DateTime2), 0, N'69c34db0-aead-454d-9ae6-fc6ea3f76720')
GO
INSERT [dbo].[Transportations] ([TransportationID], [Confirmation], [Type], [Depart], [DepartLocationLocationID], [Arrive], [ArriveLocationLocationID], [Carrier], [Identifer], [Discriminator], [QuoteID], [QuoteRequestID], [DepartureAirPortID], [ArrivalAirPortID], [Quoted], [Side], [TripQuoteID]) VALUES (89, NULL, 0, CAST(N'2020-04-15T19:35:00.0000000' AS DateTime2), 261, CAST(N'2020-04-15T20:55:00.0000000' AS DateTime2), 262, NULL, NULL, N'Flight', NULL, 2, 3, 1, CAST(N'0001-01-01T00:00:00.0000000' AS DateTime2), 0, N'69c34db0-aead-454d-9ae6-fc6ea3f76720')
GO
INSERT [dbo].[Transportations] ([TransportationID], [Confirmation], [Type], [Depart], [DepartLocationLocationID], [Arrive], [ArriveLocationLocationID], [Carrier], [Identifer], [Discriminator], [QuoteID], [QuoteRequestID], [DepartureAirPortID], [ArrivalAirPortID], [Quoted], [Side], [TripQuoteID]) VALUES (90, NULL, 0, CAST(N'2020-04-11T11:00:00.0000000' AS DateTime2), 258, CAST(N'2020-04-11T12:18:00.0000000' AS DateTime2), 259, NULL, NULL, N'Flight', NULL, 2, 1, 3, CAST(N'0001-01-01T00:00:00.0000000' AS DateTime2), 0, N'9cdab743-d81c-40b1-a030-5f78e90e3edf')
GO
INSERT [dbo].[Transportations] ([TransportationID], [Confirmation], [Type], [Depart], [DepartLocationLocationID], [Arrive], [ArriveLocationLocationID], [Carrier], [Identifer], [Discriminator], [QuoteID], [QuoteRequestID], [DepartureAirPortID], [ArrivalAirPortID], [Quoted], [Side], [TripQuoteID]) VALUES (91, NULL, 0, CAST(N'2020-04-11T15:05:00.0000000' AS DateTime2), 255, CAST(N'2020-04-11T16:49:00.0000000' AS DateTime2), 256, NULL, NULL, N'Flight', NULL, 2, 3, 5, CAST(N'0001-01-01T00:00:00.0000000' AS DateTime2), 0, N'9cdab743-d81c-40b1-a030-5f78e90e3edf')
GO
INSERT [dbo].[Transportations] ([TransportationID], [Confirmation], [Type], [Depart], [DepartLocationLocationID], [Arrive], [ArriveLocationLocationID], [Carrier], [Identifer], [Discriminator], [QuoteID], [QuoteRequestID], [DepartureAirPortID], [ArrivalAirPortID], [Quoted], [Side], [TripQuoteID]) VALUES (92, NULL, 0, CAST(N'2020-04-11T20:31:00.0000000' AS DateTime2), 253, CAST(N'2020-04-11T21:51:00.0000000' AS DateTime2), 254, NULL, NULL, N'Flight', NULL, 2, 5, 4, CAST(N'0001-01-01T00:00:00.0000000' AS DateTime2), 0, N'9cdab743-d81c-40b1-a030-5f78e90e3edf')
GO
INSERT [dbo].[Transportations] ([TransportationID], [Confirmation], [Type], [Depart], [DepartLocationLocationID], [Arrive], [ArriveLocationLocationID], [Carrier], [Identifer], [Discriminator], [QuoteID], [QuoteRequestID], [DepartureAirPortID], [ArrivalAirPortID], [Quoted], [Side], [TripQuoteID]) VALUES (93, NULL, 0, CAST(N'2020-04-15T06:25:00.0000000' AS DateTime2), 250, CAST(N'2020-04-15T07:48:00.0000000' AS DateTime2), 251, NULL, NULL, N'Flight', NULL, 2, 4, 5, CAST(N'0001-01-01T00:00:00.0000000' AS DateTime2), 0, N'9cdab743-d81c-40b1-a030-5f78e90e3edf')
GO
INSERT [dbo].[Transportations] ([TransportationID], [Confirmation], [Type], [Depart], [DepartLocationLocationID], [Arrive], [ArriveLocationLocationID], [Carrier], [Identifer], [Discriminator], [QuoteID], [QuoteRequestID], [DepartureAirPortID], [ArrivalAirPortID], [Quoted], [Side], [TripQuoteID]) VALUES (94, NULL, 0, CAST(N'2020-04-15T10:20:00.0000000' AS DateTime2), 247, CAST(N'2020-04-15T11:53:00.0000000' AS DateTime2), 248, NULL, NULL, N'Flight', NULL, 2, 5, 1, CAST(N'0001-01-01T00:00:00.0000000' AS DateTime2), 0, N'9cdab743-d81c-40b1-a030-5f78e90e3edf')
GO
INSERT [dbo].[Transportations] ([TransportationID], [Confirmation], [Type], [Depart], [DepartLocationLocationID], [Arrive], [ArriveLocationLocationID], [Carrier], [Identifer], [Discriminator], [QuoteID], [QuoteRequestID], [DepartureAirPortID], [ArrivalAirPortID], [Quoted], [Side], [TripQuoteID]) VALUES (95, NULL, 0, CAST(N'2020-04-11T11:00:00.0000000' AS DateTime2), 245, CAST(N'2020-04-11T12:18:00.0000000' AS DateTime2), 246, NULL, NULL, N'Flight', NULL, 2, 1, 3, CAST(N'0001-01-01T00:00:00.0000000' AS DateTime2), 0, N'dd35a7ec-72d7-49b3-8ec9-0704164638b2')
GO
INSERT [dbo].[Transportations] ([TransportationID], [Confirmation], [Type], [Depart], [DepartLocationLocationID], [Arrive], [ArriveLocationLocationID], [Carrier], [Identifer], [Discriminator], [QuoteID], [QuoteRequestID], [DepartureAirPortID], [ArrivalAirPortID], [Quoted], [Side], [TripQuoteID]) VALUES (96, NULL, 0, CAST(N'2020-04-11T15:05:00.0000000' AS DateTime2), 241, CAST(N'2020-04-11T16:49:00.0000000' AS DateTime2), 218, NULL, NULL, N'Flight', NULL, 2, 3, 5, CAST(N'0001-01-01T00:00:00.0000000' AS DateTime2), 0, N'dd35a7ec-72d7-49b3-8ec9-0704164638b2')
GO
INSERT [dbo].[Transportations] ([TransportationID], [Confirmation], [Type], [Depart], [DepartLocationLocationID], [Arrive], [ArriveLocationLocationID], [Carrier], [Identifer], [Discriminator], [QuoteID], [QuoteRequestID], [DepartureAirPortID], [ArrivalAirPortID], [Quoted], [Side], [TripQuoteID]) VALUES (97, NULL, 0, CAST(N'2020-04-11T20:31:00.0000000' AS DateTime2), 189, CAST(N'2020-04-11T21:51:00.0000000' AS DateTime2), 191, NULL, NULL, N'Flight', NULL, 2, 5, 4, CAST(N'0001-01-01T00:00:00.0000000' AS DateTime2), 0, N'dd35a7ec-72d7-49b3-8ec9-0704164638b2')
GO
INSERT [dbo].[Transportations] ([TransportationID], [Confirmation], [Type], [Depart], [DepartLocationLocationID], [Arrive], [ArriveLocationLocationID], [Carrier], [Identifer], [Discriminator], [QuoteID], [QuoteRequestID], [DepartureAirPortID], [ArrivalAirPortID], [Quoted], [Side], [TripQuoteID]) VALUES (98, NULL, 0, CAST(N'2020-04-15T06:25:00.0000000' AS DateTime2), 187, CAST(N'2020-04-15T07:48:00.0000000' AS DateTime2), 188, NULL, NULL, N'Flight', NULL, 2, 4, 5, CAST(N'0001-01-01T00:00:00.0000000' AS DateTime2), 0, N'dd35a7ec-72d7-49b3-8ec9-0704164638b2')
GO
INSERT [dbo].[Transportations] ([TransportationID], [Confirmation], [Type], [Depart], [DepartLocationLocationID], [Arrive], [ArriveLocationLocationID], [Carrier], [Identifer], [Discriminator], [QuoteID], [QuoteRequestID], [DepartureAirPortID], [ArrivalAirPortID], [Quoted], [Side], [TripQuoteID]) VALUES (99, NULL, 0, CAST(N'2020-04-15T11:00:00.0000000' AS DateTime2), 184, CAST(N'2020-04-15T12:51:00.0000000' AS DateTime2), 185, NULL, NULL, N'Flight', NULL, 2, 5, 3, CAST(N'0001-01-01T00:00:00.0000000' AS DateTime2), 0, N'dd35a7ec-72d7-49b3-8ec9-0704164638b2')
GO
INSERT [dbo].[Transportations] ([TransportationID], [Confirmation], [Type], [Depart], [DepartLocationLocationID], [Arrive], [ArriveLocationLocationID], [Carrier], [Identifer], [Discriminator], [QuoteID], [QuoteRequestID], [DepartureAirPortID], [ArrivalAirPortID], [Quoted], [Side], [TripQuoteID]) VALUES (100, NULL, 0, CAST(N'2020-04-11T20:31:00.0000000' AS DateTime2), 105, CAST(N'2020-04-11T21:51:00.0000000' AS DateTime2), 106, NULL, NULL, N'Flight', NULL, 2, 5, 4, CAST(N'0001-01-01T00:00:00.0000000' AS DateTime2), 0, N'769e78fe-0bcf-40c7-9934-82f052079a36')
GO
INSERT [dbo].[Transportations] ([TransportationID], [Confirmation], [Type], [Depart], [DepartLocationLocationID], [Arrive], [ArriveLocationLocationID], [Carrier], [Identifer], [Discriminator], [QuoteID], [QuoteRequestID], [DepartureAirPortID], [ArrivalAirPortID], [Quoted], [Side], [TripQuoteID]) VALUES (101, NULL, 0, CAST(N'2020-04-11T15:05:00.0000000' AS DateTime2), 108, CAST(N'2020-04-11T16:49:00.0000000' AS DateTime2), 109, NULL, NULL, N'Flight', NULL, 2, 3, 5, CAST(N'0001-01-01T00:00:00.0000000' AS DateTime2), 0, N'769e78fe-0bcf-40c7-9934-82f052079a36')
GO
INSERT [dbo].[Transportations] ([TransportationID], [Confirmation], [Type], [Depart], [DepartLocationLocationID], [Arrive], [ArriveLocationLocationID], [Carrier], [Identifer], [Discriminator], [QuoteID], [QuoteRequestID], [DepartureAirPortID], [ArrivalAirPortID], [Quoted], [Side], [TripQuoteID]) VALUES (102, NULL, 0, CAST(N'2020-04-11T11:00:00.0000000' AS DateTime2), 110, CAST(N'2020-04-11T12:18:00.0000000' AS DateTime2), 111, NULL, NULL, N'Flight', NULL, 2, 1, 3, CAST(N'0001-01-01T00:00:00.0000000' AS DateTime2), 0, N'769e78fe-0bcf-40c7-9934-82f052079a36')
GO
INSERT [dbo].[Transportations] ([TransportationID], [Confirmation], [Type], [Depart], [DepartLocationLocationID], [Arrive], [ArriveLocationLocationID], [Carrier], [Identifer], [Discriminator], [QuoteID], [QuoteRequestID], [DepartureAirPortID], [ArrivalAirPortID], [Quoted], [Side], [TripQuoteID]) VALUES (103, NULL, 0, CAST(N'2020-04-15T15:00:00.0000000' AS DateTime2), 113, CAST(N'2020-04-15T16:19:00.0000000' AS DateTime2), 114, NULL, NULL, N'Flight', NULL, 2, 3, 1, CAST(N'0001-01-01T00:00:00.0000000' AS DateTime2), 0, N'c27edf48-a9e0-4757-93d6-42173d123042')
GO
INSERT [dbo].[Transportations] ([TransportationID], [Confirmation], [Type], [Depart], [DepartLocationLocationID], [Arrive], [ArriveLocationLocationID], [Carrier], [Identifer], [Discriminator], [QuoteID], [QuoteRequestID], [DepartureAirPortID], [ArrivalAirPortID], [Quoted], [Side], [TripQuoteID]) VALUES (104, NULL, 0, CAST(N'2020-04-15T21:35:00.0000000' AS DateTime2), 138, CAST(N'2020-04-15T22:53:00.0000000' AS DateTime2), 139, NULL, NULL, N'Flight', NULL, 2, 3, 1, CAST(N'0001-01-01T00:00:00.0000000' AS DateTime2), 0, N'd472cea6-8696-45f9-8324-3746d01c15fd')
GO
INSERT [dbo].[Transportations] ([TransportationID], [Confirmation], [Type], [Depart], [DepartLocationLocationID], [Arrive], [ArriveLocationLocationID], [Carrier], [Identifer], [Discriminator], [QuoteID], [QuoteRequestID], [DepartureAirPortID], [ArrivalAirPortID], [Quoted], [Side], [TripQuoteID]) VALUES (105, NULL, 0, CAST(N'2020-04-11T11:00:00.0000000' AS DateTime2), 135, CAST(N'2020-04-11T12:18:00.0000000' AS DateTime2), 136, NULL, NULL, N'Flight', NULL, 2, 1, 3, CAST(N'0001-01-01T00:00:00.0000000' AS DateTime2), 0, N'c9c69c94-be36-458e-af24-9c0683b8c56d')
GO
INSERT [dbo].[Transportations] ([TransportationID], [Confirmation], [Type], [Depart], [DepartLocationLocationID], [Arrive], [ArriveLocationLocationID], [Carrier], [Identifer], [Discriminator], [QuoteID], [QuoteRequestID], [DepartureAirPortID], [ArrivalAirPortID], [Quoted], [Side], [TripQuoteID]) VALUES (106, NULL, 0, CAST(N'2020-04-11T13:40:00.0000000' AS DateTime2), 132, CAST(N'2020-04-11T15:17:00.0000000' AS DateTime2), 133, NULL, NULL, N'Flight', NULL, 2, 3, 4, CAST(N'0001-01-01T00:00:00.0000000' AS DateTime2), 0, N'c9c69c94-be36-458e-af24-9c0683b8c56d')
GO
INSERT [dbo].[Transportations] ([TransportationID], [Confirmation], [Type], [Depart], [DepartLocationLocationID], [Arrive], [ArriveLocationLocationID], [Carrier], [Identifer], [Discriminator], [QuoteID], [QuoteRequestID], [DepartureAirPortID], [ArrivalAirPortID], [Quoted], [Side], [TripQuoteID]) VALUES (107, NULL, 0, CAST(N'2020-04-15T06:25:00.0000000' AS DateTime2), 130, CAST(N'2020-04-15T07:48:00.0000000' AS DateTime2), 131, NULL, NULL, N'Flight', NULL, 2, 4, 5, CAST(N'0001-01-01T00:00:00.0000000' AS DateTime2), 0, N'c9c69c94-be36-458e-af24-9c0683b8c56d')
GO
INSERT [dbo].[Transportations] ([TransportationID], [Confirmation], [Type], [Depart], [DepartLocationLocationID], [Arrive], [ArriveLocationLocationID], [Carrier], [Identifer], [Discriminator], [QuoteID], [QuoteRequestID], [DepartureAirPortID], [ArrivalAirPortID], [Quoted], [Side], [TripQuoteID]) VALUES (108, NULL, 0, CAST(N'2020-04-15T10:20:00.0000000' AS DateTime2), 127, CAST(N'2020-04-15T11:53:00.0000000' AS DateTime2), 128, NULL, NULL, N'Flight', NULL, 2, 5, 1, CAST(N'0001-01-01T00:00:00.0000000' AS DateTime2), 0, N'c9c69c94-be36-458e-af24-9c0683b8c56d')
GO
INSERT [dbo].[Transportations] ([TransportationID], [Confirmation], [Type], [Depart], [DepartLocationLocationID], [Arrive], [ArriveLocationLocationID], [Carrier], [Identifer], [Discriminator], [QuoteID], [QuoteRequestID], [DepartureAirPortID], [ArrivalAirPortID], [Quoted], [Side], [TripQuoteID]) VALUES (109, NULL, 0, CAST(N'2020-04-11T08:55:00.0000000' AS DateTime2), 124, CAST(N'2020-04-11T10:11:00.0000000' AS DateTime2), 125, NULL, NULL, N'Flight', NULL, 2, 1, 3, CAST(N'0001-01-01T00:00:00.0000000' AS DateTime2), 0, N'4ca4e5dc-7427-4a57-b981-2ed7fb0fcd18')
GO
INSERT [dbo].[Transportations] ([TransportationID], [Confirmation], [Type], [Depart], [DepartLocationLocationID], [Arrive], [ArriveLocationLocationID], [Carrier], [Identifer], [Discriminator], [QuoteID], [QuoteRequestID], [DepartureAirPortID], [ArrivalAirPortID], [Quoted], [Side], [TripQuoteID]) VALUES (110, NULL, 0, CAST(N'2020-04-11T13:40:00.0000000' AS DateTime2), 122, CAST(N'2020-04-11T15:17:00.0000000' AS DateTime2), 123, NULL, NULL, N'Flight', NULL, 2, 3, 4, CAST(N'0001-01-01T00:00:00.0000000' AS DateTime2), 0, N'4ca4e5dc-7427-4a57-b981-2ed7fb0fcd18')
GO
INSERT [dbo].[Transportations] ([TransportationID], [Confirmation], [Type], [Depart], [DepartLocationLocationID], [Arrive], [ArriveLocationLocationID], [Carrier], [Identifer], [Discriminator], [QuoteID], [QuoteRequestID], [DepartureAirPortID], [ArrivalAirPortID], [Quoted], [Side], [TripQuoteID]) VALUES (111, NULL, 0, CAST(N'2020-04-15T06:25:00.0000000' AS DateTime2), 119, CAST(N'2020-04-15T07:48:00.0000000' AS DateTime2), 120, NULL, NULL, N'Flight', NULL, 2, 4, 5, CAST(N'0001-01-01T00:00:00.0000000' AS DateTime2), 0, N'4ca4e5dc-7427-4a57-b981-2ed7fb0fcd18')
GO
INSERT [dbo].[Transportations] ([TransportationID], [Confirmation], [Type], [Depart], [DepartLocationLocationID], [Arrive], [ArriveLocationLocationID], [Carrier], [Identifer], [Discriminator], [QuoteID], [QuoteRequestID], [DepartureAirPortID], [ArrivalAirPortID], [Quoted], [Side], [TripQuoteID]) VALUES (112, NULL, 0, CAST(N'2020-04-15T10:20:00.0000000' AS DateTime2), 165, CAST(N'2020-04-15T11:53:00.0000000' AS DateTime2), 142, NULL, NULL, N'Flight', NULL, 2, 5, 1, CAST(N'0001-01-01T00:00:00.0000000' AS DateTime2), 0, N'4ca4e5dc-7427-4a57-b981-2ed7fb0fcd18')
GO
INSERT [dbo].[Transportations] ([TransportationID], [Confirmation], [Type], [Depart], [DepartLocationLocationID], [Arrive], [ArriveLocationLocationID], [Carrier], [Identifer], [Discriminator], [QuoteID], [QuoteRequestID], [DepartureAirPortID], [ArrivalAirPortID], [Quoted], [Side], [TripQuoteID]) VALUES (113, NULL, 0, CAST(N'2020-04-11T17:56:00.0000000' AS DateTime2), 164, CAST(N'2020-04-11T19:36:00.0000000' AS DateTime2), 143, NULL, NULL, N'Flight', NULL, 2, 1, 5, CAST(N'0001-01-01T00:00:00.0000000' AS DateTime2), 0, N'e4dd783c-dcb8-4498-808d-376db36cee12')
GO
INSERT [dbo].[Transportations] ([TransportationID], [Confirmation], [Type], [Depart], [DepartLocationLocationID], [Arrive], [ArriveLocationLocationID], [Carrier], [Identifer], [Discriminator], [QuoteID], [QuoteRequestID], [DepartureAirPortID], [ArrivalAirPortID], [Quoted], [Side], [TripQuoteID]) VALUES (114, NULL, 0, CAST(N'2020-04-11T20:31:00.0000000' AS DateTime2), 161, CAST(N'2020-04-11T21:51:00.0000000' AS DateTime2), 162, NULL, NULL, N'Flight', NULL, 2, 5, 4, CAST(N'0001-01-01T00:00:00.0000000' AS DateTime2), 0, N'e4dd783c-dcb8-4498-808d-376db36cee12')
GO
INSERT [dbo].[Transportations] ([TransportationID], [Confirmation], [Type], [Depart], [DepartLocationLocationID], [Arrive], [ArriveLocationLocationID], [Carrier], [Identifer], [Discriminator], [QuoteID], [QuoteRequestID], [DepartureAirPortID], [ArrivalAirPortID], [Quoted], [Side], [TripQuoteID]) VALUES (115, NULL, 0, CAST(N'2020-04-15T06:25:00.0000000' AS DateTime2), 158, CAST(N'2020-04-15T07:48:00.0000000' AS DateTime2), 159, NULL, NULL, N'Flight', NULL, 2, 4, 5, CAST(N'0001-01-01T00:00:00.0000000' AS DateTime2), 0, N'e4dd783c-dcb8-4498-808d-376db36cee12')
GO
INSERT [dbo].[Transportations] ([TransportationID], [Confirmation], [Type], [Depart], [DepartLocationLocationID], [Arrive], [ArriveLocationLocationID], [Carrier], [Identifer], [Discriminator], [QuoteID], [QuoteRequestID], [DepartureAirPortID], [ArrivalAirPortID], [Quoted], [Side], [TripQuoteID]) VALUES (116, NULL, 0, CAST(N'2020-04-15T11:00:00.0000000' AS DateTime2), 156, CAST(N'2020-04-15T12:51:00.0000000' AS DateTime2), 157, NULL, NULL, N'Flight', NULL, 2, 5, 3, CAST(N'0001-01-01T00:00:00.0000000' AS DateTime2), 0, N'e4dd783c-dcb8-4498-808d-376db36cee12')
GO
INSERT [dbo].[Transportations] ([TransportationID], [Confirmation], [Type], [Depart], [DepartLocationLocationID], [Arrive], [ArriveLocationLocationID], [Carrier], [Identifer], [Discriminator], [QuoteID], [QuoteRequestID], [DepartureAirPortID], [ArrivalAirPortID], [Quoted], [Side], [TripQuoteID]) VALUES (117, NULL, 0, CAST(N'2020-04-11T17:56:00.0000000' AS DateTime2), 179, CAST(N'2020-04-11T19:36:00.0000000' AS DateTime2), 180, NULL, NULL, N'Flight', NULL, 2, 1, 5, CAST(N'0001-01-01T00:00:00.0000000' AS DateTime2), 0, N'e25cc17f-5c0d-4bb0-914a-326be295977a')
GO
INSERT [dbo].[Transportations] ([TransportationID], [Confirmation], [Type], [Depart], [DepartLocationLocationID], [Arrive], [ArriveLocationLocationID], [Carrier], [Identifer], [Discriminator], [QuoteID], [QuoteRequestID], [DepartureAirPortID], [ArrivalAirPortID], [Quoted], [Side], [TripQuoteID]) VALUES (118, NULL, 0, CAST(N'2020-04-15T15:00:00.0000000' AS DateTime2), 153, CAST(N'2020-04-15T16:19:00.0000000' AS DateTime2), 154, NULL, NULL, N'Flight', NULL, 2, 3, 1, CAST(N'0001-01-01T00:00:00.0000000' AS DateTime2), 0, N'e4dd783c-dcb8-4498-808d-376db36cee12')
GO
INSERT [dbo].[Transportations] ([TransportationID], [Confirmation], [Type], [Depart], [DepartLocationLocationID], [Arrive], [ArriveLocationLocationID], [Carrier], [Identifer], [Discriminator], [QuoteID], [QuoteRequestID], [DepartureAirPortID], [ArrivalAirPortID], [Quoted], [Side], [TripQuoteID]) VALUES (119, NULL, 0, CAST(N'2020-04-11T09:55:00.0000000' AS DateTime2), 148, CAST(N'2020-04-11T11:11:00.0000000' AS DateTime2), 149, NULL, NULL, N'Flight', NULL, 2, 5, 4, CAST(N'0001-01-01T00:00:00.0000000' AS DateTime2), 0, N'59b9fd7a-b59d-412e-acad-86d5dff1acfe')
GO
INSERT [dbo].[Transportations] ([TransportationID], [Confirmation], [Type], [Depart], [DepartLocationLocationID], [Arrive], [ArriveLocationLocationID], [Carrier], [Identifer], [Discriminator], [QuoteID], [QuoteRequestID], [DepartureAirPortID], [ArrivalAirPortID], [Quoted], [Side], [TripQuoteID]) VALUES (120, NULL, 0, CAST(N'2020-04-15T06:25:00.0000000' AS DateTime2), 145, CAST(N'2020-04-15T07:48:00.0000000' AS DateTime2), 146, NULL, NULL, N'Flight', NULL, 2, 4, 5, CAST(N'0001-01-01T00:00:00.0000000' AS DateTime2), 0, N'59b9fd7a-b59d-412e-acad-86d5dff1acfe')
GO
INSERT [dbo].[Transportations] ([TransportationID], [Confirmation], [Type], [Depart], [DepartLocationLocationID], [Arrive], [ArriveLocationLocationID], [Carrier], [Identifer], [Discriminator], [QuoteID], [QuoteRequestID], [DepartureAirPortID], [ArrivalAirPortID], [Quoted], [Side], [TripQuoteID]) VALUES (121, NULL, 0, CAST(N'2020-04-15T11:00:00.0000000' AS DateTime2), 141, CAST(N'2020-04-15T12:51:00.0000000' AS DateTime2), 118, NULL, NULL, N'Flight', NULL, 2, 5, 3, CAST(N'0001-01-01T00:00:00.0000000' AS DateTime2), 0, N'59b9fd7a-b59d-412e-acad-86d5dff1acfe')
GO
INSERT [dbo].[Transportations] ([TransportationID], [Confirmation], [Type], [Depart], [DepartLocationLocationID], [Arrive], [ArriveLocationLocationID], [Carrier], [Identifer], [Discriminator], [QuoteID], [QuoteRequestID], [DepartureAirPortID], [ArrivalAirPortID], [Quoted], [Side], [TripQuoteID]) VALUES (122, NULL, 0, CAST(N'2020-04-15T15:00:00.0000000' AS DateTime2), 91, CAST(N'2020-04-15T16:19:00.0000000' AS DateTime2), 117, NULL, NULL, N'Flight', NULL, 2, 3, 1, CAST(N'0001-01-01T00:00:00.0000000' AS DateTime2), 0, N'59b9fd7a-b59d-412e-acad-86d5dff1acfe')
GO
INSERT [dbo].[Transportations] ([TransportationID], [Confirmation], [Type], [Depart], [DepartLocationLocationID], [Arrive], [ArriveLocationLocationID], [Carrier], [Identifer], [Discriminator], [QuoteID], [QuoteRequestID], [DepartureAirPortID], [ArrivalAirPortID], [Quoted], [Side], [TripQuoteID]) VALUES (123, NULL, 0, CAST(N'2020-04-11T11:00:00.0000000' AS DateTime2), 87, CAST(N'2020-04-11T12:18:00.0000000' AS DateTime2), 88, NULL, NULL, N'Flight', NULL, 2, 1, 3, CAST(N'0001-01-01T00:00:00.0000000' AS DateTime2), 0, N'85cebb35-8395-40c8-a9d6-89bea1962937')
GO
INSERT [dbo].[Transportations] ([TransportationID], [Confirmation], [Type], [Depart], [DepartLocationLocationID], [Arrive], [ArriveLocationLocationID], [Carrier], [Identifer], [Discriminator], [QuoteID], [QuoteRequestID], [DepartureAirPortID], [ArrivalAirPortID], [Quoted], [Side], [TripQuoteID]) VALUES (124, NULL, 0, CAST(N'2020-04-11T13:40:00.0000000' AS DateTime2), 84, CAST(N'2020-04-11T15:17:00.0000000' AS DateTime2), 85, NULL, NULL, N'Flight', NULL, 2, 3, 4, CAST(N'0001-01-01T00:00:00.0000000' AS DateTime2), 0, N'85cebb35-8395-40c8-a9d6-89bea1962937')
GO
INSERT [dbo].[Transportations] ([TransportationID], [Confirmation], [Type], [Depart], [DepartLocationLocationID], [Arrive], [ArriveLocationLocationID], [Carrier], [Identifer], [Discriminator], [QuoteID], [QuoteRequestID], [DepartureAirPortID], [ArrivalAirPortID], [Quoted], [Side], [TripQuoteID]) VALUES (125, NULL, 0, CAST(N'2020-04-15T06:25:00.0000000' AS DateTime2), 82, CAST(N'2020-04-15T07:48:00.0000000' AS DateTime2), 83, NULL, NULL, N'Flight', NULL, 2, 4, 5, CAST(N'0001-01-01T00:00:00.0000000' AS DateTime2), 0, N'85cebb35-8395-40c8-a9d6-89bea1962937')
GO
INSERT [dbo].[Transportations] ([TransportationID], [Confirmation], [Type], [Depart], [DepartLocationLocationID], [Arrive], [ArriveLocationLocationID], [Carrier], [Identifer], [Discriminator], [QuoteID], [QuoteRequestID], [DepartureAirPortID], [ArrivalAirPortID], [Quoted], [Side], [TripQuoteID]) VALUES (126, NULL, 0, CAST(N'2020-04-15T11:00:00.0000000' AS DateTime2), 79, CAST(N'2020-04-15T12:51:00.0000000' AS DateTime2), 80, NULL, NULL, N'Flight', NULL, 2, 5, 3, CAST(N'0001-01-01T00:00:00.0000000' AS DateTime2), 0, N'85cebb35-8395-40c8-a9d6-89bea1962937')
GO
INSERT [dbo].[Transportations] ([TransportationID], [Confirmation], [Type], [Depart], [DepartLocationLocationID], [Arrive], [ArriveLocationLocationID], [Carrier], [Identifer], [Discriminator], [QuoteID], [QuoteRequestID], [DepartureAirPortID], [ArrivalAirPortID], [Quoted], [Side], [TripQuoteID]) VALUES (127, NULL, 0, CAST(N'2020-04-15T15:00:00.0000000' AS DateTime2), 76, CAST(N'2020-04-15T16:19:00.0000000' AS DateTime2), 77, NULL, NULL, N'Flight', NULL, 2, 3, 1, CAST(N'0001-01-01T00:00:00.0000000' AS DateTime2), 0, N'85cebb35-8395-40c8-a9d6-89bea1962937')
GO
INSERT [dbo].[Transportations] ([TransportationID], [Confirmation], [Type], [Depart], [DepartLocationLocationID], [Arrive], [ArriveLocationLocationID], [Carrier], [Identifer], [Discriminator], [QuoteID], [QuoteRequestID], [DepartureAirPortID], [ArrivalAirPortID], [Quoted], [Side], [TripQuoteID]) VALUES (128, NULL, 0, CAST(N'2020-04-11T08:55:00.0000000' AS DateTime2), 74, CAST(N'2020-04-11T10:11:00.0000000' AS DateTime2), 75, NULL, NULL, N'Flight', NULL, 2, 1, 3, CAST(N'0001-01-01T00:00:00.0000000' AS DateTime2), 0, N'c27edf48-a9e0-4757-93d6-42173d123042')
GO
INSERT [dbo].[Transportations] ([TransportationID], [Confirmation], [Type], [Depart], [DepartLocationLocationID], [Arrive], [ArriveLocationLocationID], [Carrier], [Identifer], [Discriminator], [QuoteID], [QuoteRequestID], [DepartureAirPortID], [ArrivalAirPortID], [Quoted], [Side], [TripQuoteID]) VALUES (129, NULL, 0, CAST(N'2020-04-11T13:40:00.0000000' AS DateTime2), 71, CAST(N'2020-04-11T15:17:00.0000000' AS DateTime2), 72, NULL, NULL, N'Flight', NULL, 2, 3, 4, CAST(N'0001-01-01T00:00:00.0000000' AS DateTime2), 0, N'c27edf48-a9e0-4757-93d6-42173d123042')
GO
INSERT [dbo].[Transportations] ([TransportationID], [Confirmation], [Type], [Depart], [DepartLocationLocationID], [Arrive], [ArriveLocationLocationID], [Carrier], [Identifer], [Discriminator], [QuoteID], [QuoteRequestID], [DepartureAirPortID], [ArrivalAirPortID], [Quoted], [Side], [TripQuoteID]) VALUES (130, NULL, 0, CAST(N'2020-04-15T06:25:00.0000000' AS DateTime2), 90, CAST(N'2020-04-15T07:48:00.0000000' AS DateTime2), 69, NULL, NULL, N'Flight', NULL, 2, 4, 5, CAST(N'0001-01-01T00:00:00.0000000' AS DateTime2), 0, N'c27edf48-a9e0-4757-93d6-42173d123042')
GO
INSERT [dbo].[Transportations] ([TransportationID], [Confirmation], [Type], [Depart], [DepartLocationLocationID], [Arrive], [ArriveLocationLocationID], [Carrier], [Identifer], [Discriminator], [QuoteID], [QuoteRequestID], [DepartureAirPortID], [ArrivalAirPortID], [Quoted], [Side], [TripQuoteID]) VALUES (131, NULL, 0, CAST(N'2020-04-15T11:00:00.0000000' AS DateTime2), 115, CAST(N'2020-04-15T12:51:00.0000000' AS DateTime2), 92, NULL, NULL, N'Flight', NULL, 2, 5, 3, CAST(N'0001-01-01T00:00:00.0000000' AS DateTime2), 0, N'c27edf48-a9e0-4757-93d6-42173d123042')
GO
INSERT [dbo].[Transportations] ([TransportationID], [Confirmation], [Type], [Depart], [DepartLocationLocationID], [Arrive], [ArriveLocationLocationID], [Carrier], [Identifer], [Discriminator], [QuoteID], [QuoteRequestID], [DepartureAirPortID], [ArrivalAirPortID], [Quoted], [Side], [TripQuoteID]) VALUES (132, NULL, 0, CAST(N'2020-04-11T06:00:00.0000000' AS DateTime2), 150, CAST(N'2020-04-11T07:41:00.0000000' AS DateTime2), 151, NULL, NULL, N'Flight', NULL, 2, 1, 5, CAST(N'0001-01-01T00:00:00.0000000' AS DateTime2), 0, N'59b9fd7a-b59d-412e-acad-86d5dff1acfe')
GO
INSERT [dbo].[Transportations] ([TransportationID], [Confirmation], [Type], [Depart], [DepartLocationLocationID], [Arrive], [ArriveLocationLocationID], [Carrier], [Identifer], [Discriminator], [QuoteID], [QuoteRequestID], [DepartureAirPortID], [ArrivalAirPortID], [Quoted], [Side], [TripQuoteID]) VALUES (133, NULL, 0, CAST(N'2020-04-11T17:56:00.0000000' AS DateTime2), 14, CAST(N'2020-04-11T19:36:00.0000000' AS DateTime2), 12, N'Delta Airlines', NULL, N'Flight', NULL, 2, 1, 5, CAST(N'0001-01-01T00:00:00.0000000' AS DateTime2), 0, N'701e0c80-2ae4-4a9e-a7cf-f395b50fedec')
GO
INSERT [dbo].[Transportations] ([TransportationID], [Confirmation], [Type], [Depart], [DepartLocationLocationID], [Arrive], [ArriveLocationLocationID], [Carrier], [Identifer], [Discriminator], [QuoteID], [QuoteRequestID], [DepartureAirPortID], [ArrivalAirPortID], [Quoted], [Side], [TripQuoteID]) VALUES (134, NULL, 0, CAST(N'2020-04-24T17:30:00.0000000' AS DateTime2), 443, CAST(N'2020-04-24T19:16:00.0000000' AS DateTime2), 444, NULL, NULL, N'Flight', NULL, 4, 3, 5, CAST(N'0001-01-01T00:00:00.0000000' AS DateTime2), 0, N'ca4c4a45-8afb-4586-b70f-5d20e6e59897')
GO
INSERT [dbo].[Transportations] ([TransportationID], [Confirmation], [Type], [Depart], [DepartLocationLocationID], [Arrive], [ArriveLocationLocationID], [Carrier], [Identifer], [Discriminator], [QuoteID], [QuoteRequestID], [DepartureAirPortID], [ArrivalAirPortID], [Quoted], [Side], [TripQuoteID]) VALUES (135, NULL, 0, CAST(N'2020-04-29T21:35:00.0000000' AS DateTime2), 472, CAST(N'2020-04-29T22:53:00.0000000' AS DateTime2), 473, NULL, NULL, N'Flight', NULL, 4, 3, 1, CAST(N'0001-01-01T00:00:00.0000000' AS DateTime2), 0, N'3ba76ef1-5e08-4c55-84ce-9024fb2f0067')
GO
INSERT [dbo].[Transportations] ([TransportationID], [Confirmation], [Type], [Depart], [DepartLocationLocationID], [Arrive], [ArriveLocationLocationID], [Carrier], [Identifer], [Discriminator], [QuoteID], [QuoteRequestID], [DepartureAirPortID], [ArrivalAirPortID], [Quoted], [Side], [TripQuoteID]) VALUES (136, NULL, 0, CAST(N'2020-04-29T18:00:00.0000000' AS DateTime2), 474, CAST(N'2020-04-29T19:57:00.0000000' AS DateTime2), 475, NULL, NULL, N'Flight', NULL, 4, 5, 3, CAST(N'0001-01-01T00:00:00.0000000' AS DateTime2), 0, N'3ba76ef1-5e08-4c55-84ce-9024fb2f0067')
GO
INSERT [dbo].[Transportations] ([TransportationID], [Confirmation], [Type], [Depart], [DepartLocationLocationID], [Arrive], [ArriveLocationLocationID], [Carrier], [Identifer], [Discriminator], [QuoteID], [QuoteRequestID], [DepartureAirPortID], [ArrivalAirPortID], [Quoted], [Side], [TripQuoteID]) VALUES (137, NULL, 0, CAST(N'2020-04-29T15:45:00.0000000' AS DateTime2), 477, CAST(N'2020-04-29T17:07:00.0000000' AS DateTime2), 478, NULL, NULL, N'Flight', NULL, 4, 4, 5, CAST(N'0001-01-01T00:00:00.0000000' AS DateTime2), 0, N'3ba76ef1-5e08-4c55-84ce-9024fb2f0067')
GO
INSERT [dbo].[Transportations] ([TransportationID], [Confirmation], [Type], [Depart], [DepartLocationLocationID], [Arrive], [ArriveLocationLocationID], [Carrier], [Identifer], [Discriminator], [QuoteID], [QuoteRequestID], [DepartureAirPortID], [ArrivalAirPortID], [Quoted], [Side], [TripQuoteID]) VALUES (138, NULL, 0, CAST(N'2020-04-24T20:31:00.0000000' AS DateTime2), 480, CAST(N'2020-04-24T21:51:00.0000000' AS DateTime2), 481, NULL, NULL, N'Flight', NULL, 4, 5, 4, CAST(N'0001-01-01T00:00:00.0000000' AS DateTime2), 0, N'3ba76ef1-5e08-4c55-84ce-9024fb2f0067')
GO
INSERT [dbo].[Transportations] ([TransportationID], [Confirmation], [Type], [Depart], [DepartLocationLocationID], [Arrive], [ArriveLocationLocationID], [Carrier], [Identifer], [Discriminator], [QuoteID], [QuoteRequestID], [DepartureAirPortID], [ArrivalAirPortID], [Quoted], [Side], [TripQuoteID]) VALUES (139, NULL, 0, CAST(N'2020-04-24T17:56:00.0000000' AS DateTime2), 482, CAST(N'2020-04-24T19:36:00.0000000' AS DateTime2), 483, NULL, NULL, N'Flight', NULL, 4, 1, 5, CAST(N'0001-01-01T00:00:00.0000000' AS DateTime2), 0, N'3ba76ef1-5e08-4c55-84ce-9024fb2f0067')
GO
INSERT [dbo].[Transportations] ([TransportationID], [Confirmation], [Type], [Depart], [DepartLocationLocationID], [Arrive], [ArriveLocationLocationID], [Carrier], [Identifer], [Discriminator], [QuoteID], [QuoteRequestID], [DepartureAirPortID], [ArrivalAirPortID], [Quoted], [Side], [TripQuoteID]) VALUES (140, NULL, 0, CAST(N'2020-04-29T10:20:00.0000000' AS DateTime2), 484, CAST(N'2020-04-29T11:53:00.0000000' AS DateTime2), 461, NULL, NULL, N'Flight', NULL, 4, 5, 1, CAST(N'0001-01-01T00:00:00.0000000' AS DateTime2), 0, N'ca4c4a45-8afb-4586-b70f-5d20e6e59897')
GO
INSERT [dbo].[Transportations] ([TransportationID], [Confirmation], [Type], [Depart], [DepartLocationLocationID], [Arrive], [ArriveLocationLocationID], [Carrier], [Identifer], [Discriminator], [QuoteID], [QuoteRequestID], [DepartureAirPortID], [ArrivalAirPortID], [Quoted], [Side], [TripQuoteID]) VALUES (141, NULL, 0, CAST(N'2020-04-29T06:25:00.0000000' AS DateTime2), 438, CAST(N'2020-04-29T07:48:00.0000000' AS DateTime2), 439, NULL, NULL, N'Flight', NULL, 4, 4, 5, CAST(N'0001-01-01T00:00:00.0000000' AS DateTime2), 0, N'ca4c4a45-8afb-4586-b70f-5d20e6e59897')
GO
INSERT [dbo].[Transportations] ([TransportationID], [Confirmation], [Type], [Depart], [DepartLocationLocationID], [Arrive], [ArriveLocationLocationID], [Carrier], [Identifer], [Discriminator], [QuoteID], [QuoteRequestID], [DepartureAirPortID], [ArrivalAirPortID], [Quoted], [Side], [TripQuoteID]) VALUES (142, NULL, 0, CAST(N'2020-04-24T20:31:00.0000000' AS DateTime2), 440, CAST(N'2020-04-24T21:51:00.0000000' AS DateTime2), 441, NULL, NULL, N'Flight', NULL, 4, 5, 4, CAST(N'0001-01-01T00:00:00.0000000' AS DateTime2), 0, N'ca4c4a45-8afb-4586-b70f-5d20e6e59897')
GO
INSERT [dbo].[Transportations] ([TransportationID], [Confirmation], [Type], [Depart], [DepartLocationLocationID], [Arrive], [ArriveLocationLocationID], [Carrier], [Identifer], [Discriminator], [QuoteID], [QuoteRequestID], [DepartureAirPortID], [ArrivalAirPortID], [Quoted], [Side], [TripQuoteID]) VALUES (143, NULL, 0, CAST(N'2020-04-24T14:45:00.0000000' AS DateTime2), 446, CAST(N'2020-04-24T16:05:00.0000000' AS DateTime2), 447, NULL, NULL, N'Flight', NULL, 4, 1, 3, CAST(N'0001-01-01T00:00:00.0000000' AS DateTime2), 0, N'ca4c4a45-8afb-4586-b70f-5d20e6e59897')
GO
INSERT [dbo].[Transportations] ([TransportationID], [Confirmation], [Type], [Depart], [DepartLocationLocationID], [Arrive], [ArriveLocationLocationID], [Carrier], [Identifer], [Discriminator], [QuoteID], [QuoteRequestID], [DepartureAirPortID], [ArrivalAirPortID], [Quoted], [Side], [TripQuoteID]) VALUES (144, NULL, 0, CAST(N'2020-04-29T14:30:00.0000000' AS DateTime2), 451, CAST(N'2020-04-29T16:24:00.0000000' AS DateTime2), 452, NULL, NULL, N'Flight', NULL, 4, 4, 3, CAST(N'0001-01-01T00:00:00.0000000' AS DateTime2), 0, N'c6817175-d5d3-4eeb-a4c9-b489ef0bfa73')
GO
INSERT [dbo].[Transportations] ([TransportationID], [Confirmation], [Type], [Depart], [DepartLocationLocationID], [Arrive], [ArriveLocationLocationID], [Carrier], [Identifer], [Discriminator], [QuoteID], [QuoteRequestID], [DepartureAirPortID], [ArrivalAirPortID], [Quoted], [Side], [TripQuoteID]) VALUES (145, NULL, 0, CAST(N'2020-04-24T13:40:00.0000000' AS DateTime2), 435, CAST(N'2020-04-24T15:17:00.0000000' AS DateTime2), 276, NULL, NULL, N'Flight', NULL, 4, 3, 4, CAST(N'0001-01-01T00:00:00.0000000' AS DateTime2), 0, N'3f9a0804-6c5c-484e-990d-eed93bab53f8')
GO
INSERT [dbo].[Transportations] ([TransportationID], [Confirmation], [Type], [Depart], [DepartLocationLocationID], [Arrive], [ArriveLocationLocationID], [Carrier], [Identifer], [Discriminator], [QuoteID], [QuoteRequestID], [DepartureAirPortID], [ArrivalAirPortID], [Quoted], [Side], [TripQuoteID]) VALUES (146, NULL, 0, CAST(N'2020-04-29T14:30:00.0000000' AS DateTime2), 463, CAST(N'2020-04-29T16:24:00.0000000' AS DateTime2), 336, NULL, NULL, N'Flight', NULL, 4, 4, 3, CAST(N'0001-01-01T00:00:00.0000000' AS DateTime2), 0, N'3f9a0804-6c5c-484e-990d-eed93bab53f8')
GO
INSERT [dbo].[Transportations] ([TransportationID], [Confirmation], [Type], [Depart], [DepartLocationLocationID], [Arrive], [ArriveLocationLocationID], [Carrier], [Identifer], [Discriminator], [QuoteID], [QuoteRequestID], [DepartureAirPortID], [ArrivalAirPortID], [Quoted], [Side], [TripQuoteID]) VALUES (147, NULL, 0, CAST(N'2020-04-29T19:35:00.0000000' AS DateTime2), 465, CAST(N'2020-04-29T20:55:00.0000000' AS DateTime2), 464, NULL, NULL, N'Flight', NULL, 4, 3, 1, CAST(N'0001-01-01T00:00:00.0000000' AS DateTime2), 0, N'3f9a0804-6c5c-484e-990d-eed93bab53f8')
GO
INSERT [dbo].[Transportations] ([TransportationID], [Confirmation], [Type], [Depart], [DepartLocationLocationID], [Arrive], [ArriveLocationLocationID], [Carrier], [Identifer], [Discriminator], [QuoteID], [QuoteRequestID], [DepartureAirPortID], [ArrivalAirPortID], [Quoted], [Side], [TripQuoteID]) VALUES (148, NULL, 0, CAST(N'2020-04-24T14:45:00.0000000' AS DateTime2), 467, CAST(N'2020-04-24T16:05:00.0000000' AS DateTime2), 466, NULL, NULL, N'Flight', NULL, 4, 1, 3, CAST(N'0001-01-01T00:00:00.0000000' AS DateTime2), 0, N'33a774a6-d0fe-43cf-aa1a-848bd8e78c84')
GO
INSERT [dbo].[Transportations] ([TransportationID], [Confirmation], [Type], [Depart], [DepartLocationLocationID], [Arrive], [ArriveLocationLocationID], [Carrier], [Identifer], [Discriminator], [QuoteID], [QuoteRequestID], [DepartureAirPortID], [ArrivalAirPortID], [Quoted], [Side], [TripQuoteID]) VALUES (149, NULL, 0, CAST(N'2020-04-24T17:55:00.0000000' AS DateTime2), 469, CAST(N'2020-04-24T19:39:00.0000000' AS DateTime2), 335, NULL, NULL, N'Flight', NULL, 4, 3, 4, CAST(N'0001-01-01T00:00:00.0000000' AS DateTime2), 0, N'33a774a6-d0fe-43cf-aa1a-848bd8e78c84')
GO
INSERT [dbo].[Transportations] ([TransportationID], [Confirmation], [Type], [Depart], [DepartLocationLocationID], [Arrive], [ArriveLocationLocationID], [Carrier], [Identifer], [Discriminator], [QuoteID], [QuoteRequestID], [DepartureAirPortID], [ArrivalAirPortID], [Quoted], [Side], [TripQuoteID]) VALUES (150, NULL, 0, CAST(N'2020-04-29T17:00:00.0000000' AS DateTime2), 471, CAST(N'2020-04-29T18:54:00.0000000' AS DateTime2), 470, NULL, NULL, N'Flight', NULL, 4, 4, 3, CAST(N'0001-01-01T00:00:00.0000000' AS DateTime2), 0, N'33a774a6-d0fe-43cf-aa1a-848bd8e78c84')
GO
INSERT [dbo].[Transportations] ([TransportationID], [Confirmation], [Type], [Depart], [DepartLocationLocationID], [Arrive], [ArriveLocationLocationID], [Carrier], [Identifer], [Discriminator], [QuoteID], [QuoteRequestID], [DepartureAirPortID], [ArrivalAirPortID], [Quoted], [Side], [TripQuoteID]) VALUES (151, NULL, 0, CAST(N'2020-04-29T19:35:00.0000000' AS DateTime2), 479, CAST(N'2020-04-29T20:55:00.0000000' AS DateTime2), 476, NULL, NULL, N'Flight', NULL, 4, 3, 1, CAST(N'0001-01-01T00:00:00.0000000' AS DateTime2), 0, N'33a774a6-d0fe-43cf-aa1a-848bd8e78c84')
GO
INSERT [dbo].[Transportations] ([TransportationID], [Confirmation], [Type], [Depart], [DepartLocationLocationID], [Arrive], [ArriveLocationLocationID], [Carrier], [Identifer], [Discriminator], [QuoteID], [QuoteRequestID], [DepartureAirPortID], [ArrivalAirPortID], [Quoted], [Side], [TripQuoteID]) VALUES (152, NULL, 0, CAST(N'2020-04-24T14:45:00.0000000' AS DateTime2), 459, CAST(N'2020-04-24T16:05:00.0000000' AS DateTime2), 462, NULL, NULL, N'Flight', NULL, 4, 1, 3, CAST(N'0001-01-01T00:00:00.0000000' AS DateTime2), 0, N'b6a751cf-3171-48d7-ad27-6e09ae84f665')
GO
INSERT [dbo].[Transportations] ([TransportationID], [Confirmation], [Type], [Depart], [DepartLocationLocationID], [Arrive], [ArriveLocationLocationID], [Carrier], [Identifer], [Discriminator], [QuoteID], [QuoteRequestID], [DepartureAirPortID], [ArrivalAirPortID], [Quoted], [Side], [TripQuoteID]) VALUES (153, NULL, 0, CAST(N'2020-04-24T17:55:00.0000000' AS DateTime2), 445, CAST(N'2020-04-24T19:39:00.0000000' AS DateTime2), 442, NULL, NULL, N'Flight', NULL, 4, 3, 4, CAST(N'0001-01-01T00:00:00.0000000' AS DateTime2), 0, N'b6a751cf-3171-48d7-ad27-6e09ae84f665')
GO
INSERT [dbo].[Transportations] ([TransportationID], [Confirmation], [Type], [Depart], [DepartLocationLocationID], [Arrive], [ArriveLocationLocationID], [Carrier], [Identifer], [Discriminator], [QuoteID], [QuoteRequestID], [DepartureAirPortID], [ArrivalAirPortID], [Quoted], [Side], [TripQuoteID]) VALUES (154, NULL, 0, CAST(N'2020-04-29T14:30:00.0000000' AS DateTime2), 453, CAST(N'2020-04-29T16:24:00.0000000' AS DateTime2), 450, NULL, NULL, N'Flight', NULL, 4, 4, 3, CAST(N'0001-01-01T00:00:00.0000000' AS DateTime2), 0, N'b6a751cf-3171-48d7-ad27-6e09ae84f665')
GO
INSERT [dbo].[Transportations] ([TransportationID], [Confirmation], [Type], [Depart], [DepartLocationLocationID], [Arrive], [ArriveLocationLocationID], [Carrier], [Identifer], [Discriminator], [QuoteID], [QuoteRequestID], [DepartureAirPortID], [ArrivalAirPortID], [Quoted], [Side], [TripQuoteID]) VALUES (155, NULL, 0, CAST(N'2020-04-29T19:35:00.0000000' AS DateTime2), 486, CAST(N'2020-04-29T20:55:00.0000000' AS DateTime2), 458, NULL, NULL, N'Flight', NULL, 4, 3, 1, CAST(N'0001-01-01T00:00:00.0000000' AS DateTime2), 0, N'b6a751cf-3171-48d7-ad27-6e09ae84f665')
GO
INSERT [dbo].[Transportations] ([TransportationID], [Confirmation], [Type], [Depart], [DepartLocationLocationID], [Arrive], [ArriveLocationLocationID], [Carrier], [Identifer], [Discriminator], [QuoteID], [QuoteRequestID], [DepartureAirPortID], [ArrivalAirPortID], [Quoted], [Side], [TripQuoteID]) VALUES (156, NULL, 0, CAST(N'2020-04-24T06:00:00.0000000' AS DateTime2), 519, CAST(N'2020-04-24T07:21:00.0000000' AS DateTime2), 516, NULL, NULL, N'Flight', NULL, 4, 1, 3, CAST(N'0001-01-01T00:00:00.0000000' AS DateTime2), 0, N'98d47b11-703a-472c-a40b-c519c78cb878')
GO
INSERT [dbo].[Transportations] ([TransportationID], [Confirmation], [Type], [Depart], [DepartLocationLocationID], [Arrive], [ArriveLocationLocationID], [Carrier], [Identifer], [Discriminator], [QuoteID], [QuoteRequestID], [DepartureAirPortID], [ArrivalAirPortID], [Quoted], [Side], [TripQuoteID]) VALUES (157, NULL, 0, CAST(N'2020-04-24T09:40:00.0000000' AS DateTime2), 527, CAST(N'2020-04-24T11:24:00.0000000' AS DateTime2), 535, NULL, NULL, N'Flight', NULL, 4, 3, 4, CAST(N'0001-01-01T00:00:00.0000000' AS DateTime2), 0, N'98d47b11-703a-472c-a40b-c519c78cb878')
GO
INSERT [dbo].[Transportations] ([TransportationID], [Confirmation], [Type], [Depart], [DepartLocationLocationID], [Arrive], [ArriveLocationLocationID], [Carrier], [Identifer], [Discriminator], [QuoteID], [QuoteRequestID], [DepartureAirPortID], [ArrivalAirPortID], [Quoted], [Side], [TripQuoteID]) VALUES (158, NULL, 0, CAST(N'2020-04-29T17:00:00.0000000' AS DateTime2), 512, CAST(N'2020-04-29T18:54:00.0000000' AS DateTime2), 532, NULL, NULL, N'Flight', NULL, 4, 4, 3, CAST(N'0001-01-01T00:00:00.0000000' AS DateTime2), 0, N'98d47b11-703a-472c-a40b-c519c78cb878')
GO
INSERT [dbo].[Transportations] ([TransportationID], [Confirmation], [Type], [Depart], [DepartLocationLocationID], [Arrive], [ArriveLocationLocationID], [Carrier], [Identifer], [Discriminator], [QuoteID], [QuoteRequestID], [DepartureAirPortID], [ArrivalAirPortID], [Quoted], [Side], [TripQuoteID]) VALUES (159, NULL, 0, CAST(N'2020-04-29T19:35:00.0000000' AS DateTime2), 492, CAST(N'2020-04-29T20:55:00.0000000' AS DateTime2), 489, NULL, NULL, N'Flight', NULL, 4, 3, 1, CAST(N'0001-01-01T00:00:00.0000000' AS DateTime2), 0, N'98d47b11-703a-472c-a40b-c519c78cb878')
GO
INSERT [dbo].[Transportations] ([TransportationID], [Confirmation], [Type], [Depart], [DepartLocationLocationID], [Arrive], [ArriveLocationLocationID], [Carrier], [Identifer], [Discriminator], [QuoteID], [QuoteRequestID], [DepartureAirPortID], [ArrivalAirPortID], [Quoted], [Side], [TripQuoteID]) VALUES (160, NULL, 0, CAST(N'2020-04-24T06:00:00.0000000' AS DateTime2), 499, CAST(N'2020-04-24T07:21:00.0000000' AS DateTime2), 496, NULL, NULL, N'Flight', NULL, 4, 1, 3, CAST(N'0001-01-01T00:00:00.0000000' AS DateTime2), 0, N'ff7b313a-becc-4ed0-b660-e51729d9ac8a')
GO
INSERT [dbo].[Transportations] ([TransportationID], [Confirmation], [Type], [Depart], [DepartLocationLocationID], [Arrive], [ArriveLocationLocationID], [Carrier], [Identifer], [Discriminator], [QuoteID], [QuoteRequestID], [DepartureAirPortID], [ArrivalAirPortID], [Quoted], [Side], [TripQuoteID]) VALUES (161, NULL, 0, CAST(N'2020-04-24T09:40:00.0000000' AS DateTime2), 507, CAST(N'2020-04-24T11:24:00.0000000' AS DateTime2), 504, NULL, NULL, N'Flight', NULL, 4, 3, 4, CAST(N'0001-01-01T00:00:00.0000000' AS DateTime2), 0, N'ff7b313a-becc-4ed0-b660-e51729d9ac8a')
GO
INSERT [dbo].[Transportations] ([TransportationID], [Confirmation], [Type], [Depart], [DepartLocationLocationID], [Arrive], [ArriveLocationLocationID], [Carrier], [Identifer], [Discriminator], [QuoteID], [QuoteRequestID], [DepartureAirPortID], [ArrivalAirPortID], [Quoted], [Side], [TripQuoteID]) VALUES (162, NULL, 0, CAST(N'2020-04-29T17:00:00.0000000' AS DateTime2), 364, CAST(N'2020-04-29T18:54:00.0000000' AS DateTime2), 422, NULL, NULL, N'Flight', NULL, 4, 4, 3, CAST(N'0001-01-01T00:00:00.0000000' AS DateTime2), 0, N'ff7b313a-becc-4ed0-b660-e51729d9ac8a')
GO
INSERT [dbo].[Transportations] ([TransportationID], [Confirmation], [Type], [Depart], [DepartLocationLocationID], [Arrive], [ArriveLocationLocationID], [Carrier], [Identifer], [Discriminator], [QuoteID], [QuoteRequestID], [DepartureAirPortID], [ArrivalAirPortID], [Quoted], [Side], [TripQuoteID]) VALUES (163, NULL, 0, CAST(N'2020-04-29T21:35:00.0000000' AS DateTime2), 372, CAST(N'2020-04-29T22:53:00.0000000' AS DateTime2), 369, NULL, NULL, N'Flight', NULL, 4, 3, 1, CAST(N'0001-01-01T00:00:00.0000000' AS DateTime2), 0, N'ff7b313a-becc-4ed0-b660-e51729d9ac8a')
GO
INSERT [dbo].[Transportations] ([TransportationID], [Confirmation], [Type], [Depart], [DepartLocationLocationID], [Arrive], [ArriveLocationLocationID], [Carrier], [Identifer], [Discriminator], [QuoteID], [QuoteRequestID], [DepartureAirPortID], [ArrivalAirPortID], [Quoted], [Side], [TripQuoteID]) VALUES (164, NULL, 0, CAST(N'2020-04-24T11:00:00.0000000' AS DateTime2), 380, CAST(N'2020-04-24T12:18:00.0000000' AS DateTime2), 377, NULL, NULL, N'Flight', NULL, 4, 1, 3, CAST(N'0001-01-01T00:00:00.0000000' AS DateTime2), 0, N'd54c0386-34b1-4f50-8de6-77ad7bb414e9')
GO
INSERT [dbo].[Transportations] ([TransportationID], [Confirmation], [Type], [Depart], [DepartLocationLocationID], [Arrive], [ArriveLocationLocationID], [Carrier], [Identifer], [Discriminator], [QuoteID], [QuoteRequestID], [DepartureAirPortID], [ArrivalAirPortID], [Quoted], [Side], [TripQuoteID]) VALUES (165, NULL, 0, CAST(N'2020-04-24T13:40:00.0000000' AS DateTime2), 338, CAST(N'2020-04-24T15:17:00.0000000' AS DateTime2), 360, NULL, NULL, N'Flight', NULL, 4, 3, 4, CAST(N'0001-01-01T00:00:00.0000000' AS DateTime2), 0, N'd54c0386-34b1-4f50-8de6-77ad7bb414e9')
GO
INSERT [dbo].[Transportations] ([TransportationID], [Confirmation], [Type], [Depart], [DepartLocationLocationID], [Arrive], [ArriveLocationLocationID], [Carrier], [Identifer], [Discriminator], [QuoteID], [QuoteRequestID], [DepartureAirPortID], [ArrivalAirPortID], [Quoted], [Side], [TripQuoteID]) VALUES (166, NULL, 0, CAST(N'2020-04-29T06:25:00.0000000' AS DateTime2), 346, CAST(N'2020-04-29T07:48:00.0000000' AS DateTime2), 343, NULL, NULL, N'Flight', NULL, 4, 4, 5, CAST(N'0001-01-01T00:00:00.0000000' AS DateTime2), 0, N'd54c0386-34b1-4f50-8de6-77ad7bb414e9')
GO
INSERT [dbo].[Transportations] ([TransportationID], [Confirmation], [Type], [Depart], [DepartLocationLocationID], [Arrive], [ArriveLocationLocationID], [Carrier], [Identifer], [Discriminator], [QuoteID], [QuoteRequestID], [DepartureAirPortID], [ArrivalAirPortID], [Quoted], [Side], [TripQuoteID]) VALUES (167, NULL, 0, CAST(N'2020-04-29T10:20:00.0000000' AS DateTime2), 354, CAST(N'2020-04-29T11:53:00.0000000' AS DateTime2), 351, NULL, NULL, N'Flight', NULL, 4, 5, 1, CAST(N'0001-01-01T00:00:00.0000000' AS DateTime2), 0, N'd54c0386-34b1-4f50-8de6-77ad7bb414e9')
GO
INSERT [dbo].[Transportations] ([TransportationID], [Confirmation], [Type], [Depart], [DepartLocationLocationID], [Arrive], [ArriveLocationLocationID], [Carrier], [Identifer], [Discriminator], [QuoteID], [QuoteRequestID], [DepartureAirPortID], [ArrivalAirPortID], [Quoted], [Side], [TripQuoteID]) VALUES (168, NULL, 0, CAST(N'2020-04-24T14:45:00.0000000' AS DateTime2), 412, CAST(N'2020-04-24T16:05:00.0000000' AS DateTime2), 384, NULL, NULL, N'Flight', NULL, 4, 1, 3, CAST(N'0001-01-01T00:00:00.0000000' AS DateTime2), 0, N'c9006fda-c5e6-40e1-a219-f526999475cc')
GO
INSERT [dbo].[Transportations] ([TransportationID], [Confirmation], [Type], [Depart], [DepartLocationLocationID], [Arrive], [ArriveLocationLocationID], [Carrier], [Identifer], [Discriminator], [QuoteID], [QuoteRequestID], [DepartureAirPortID], [ArrivalAirPortID], [Quoted], [Side], [TripQuoteID]) VALUES (169, NULL, 0, CAST(N'2020-04-24T17:55:00.0000000' AS DateTime2), 420, CAST(N'2020-04-24T19:39:00.0000000' AS DateTime2), 417, NULL, NULL, N'Flight', NULL, 4, 3, 4, CAST(N'0001-01-01T00:00:00.0000000' AS DateTime2), 0, N'c9006fda-c5e6-40e1-a219-f526999475cc')
GO
INSERT [dbo].[Transportations] ([TransportationID], [Confirmation], [Type], [Depart], [DepartLocationLocationID], [Arrive], [ArriveLocationLocationID], [Carrier], [Identifer], [Discriminator], [QuoteID], [QuoteRequestID], [DepartureAirPortID], [ArrivalAirPortID], [Quoted], [Side], [TripQuoteID]) VALUES (170, NULL, 0, CAST(N'2020-04-29T06:25:00.0000000' AS DateTime2), 428, CAST(N'2020-04-29T07:48:00.0000000' AS DateTime2), 425, NULL, NULL, N'Flight', NULL, 4, 4, 5, CAST(N'0001-01-01T00:00:00.0000000' AS DateTime2), 0, N'c9006fda-c5e6-40e1-a219-f526999475cc')
GO
INSERT [dbo].[Transportations] ([TransportationID], [Confirmation], [Type], [Depart], [DepartLocationLocationID], [Arrive], [ArriveLocationLocationID], [Carrier], [Identifer], [Discriminator], [QuoteID], [QuoteRequestID], [DepartureAirPortID], [ArrivalAirPortID], [Quoted], [Side], [TripQuoteID]) VALUES (171, NULL, 0, CAST(N'2020-04-29T10:20:00.0000000' AS DateTime2), 409, CAST(N'2020-04-29T11:53:00.0000000' AS DateTime2), 433, NULL, NULL, N'Flight', NULL, 4, 5, 1, CAST(N'0001-01-01T00:00:00.0000000' AS DateTime2), 0, N'c9006fda-c5e6-40e1-a219-f526999475cc')
GO
INSERT [dbo].[Transportations] ([TransportationID], [Confirmation], [Type], [Depart], [DepartLocationLocationID], [Arrive], [ArriveLocationLocationID], [Carrier], [Identifer], [Discriminator], [QuoteID], [QuoteRequestID], [DepartureAirPortID], [ArrivalAirPortID], [Quoted], [Side], [TripQuoteID]) VALUES (172, NULL, 0, CAST(N'2020-04-24T11:00:00.0000000' AS DateTime2), 271, CAST(N'2020-04-24T12:18:00.0000000' AS DateTime2), 273, NULL, NULL, N'Flight', NULL, 4, 1, 3, CAST(N'0001-01-01T00:00:00.0000000' AS DateTime2), 0, N'3f9a0804-6c5c-484e-990d-eed93bab53f8')
GO
INSERT [dbo].[Transportations] ([TransportationID], [Confirmation], [Type], [Depart], [DepartLocationLocationID], [Arrive], [ArriveLocationLocationID], [Carrier], [Identifer], [Discriminator], [QuoteID], [QuoteRequestID], [DepartureAirPortID], [ArrivalAirPortID], [Quoted], [Side], [TripQuoteID]) VALUES (173, NULL, 0, CAST(N'2020-04-29T21:35:00.0000000' AS DateTime2), 269, CAST(N'2020-04-29T22:53:00.0000000' AS DateTime2), 267, NULL, NULL, N'Flight', NULL, 4, 3, 1, CAST(N'0001-01-01T00:00:00.0000000' AS DateTime2), 0, N'1dcef9b0-3245-4c9f-808c-d4bbb08b32b3')
GO
INSERT [dbo].[Transportations] ([TransportationID], [Confirmation], [Type], [Depart], [DepartLocationLocationID], [Arrive], [ArriveLocationLocationID], [Carrier], [Identifer], [Discriminator], [QuoteID], [QuoteRequestID], [DepartureAirPortID], [ArrivalAirPortID], [Quoted], [Side], [TripQuoteID]) VALUES (174, NULL, 0, CAST(N'2020-04-29T17:00:00.0000000' AS DateTime2), 277, CAST(N'2020-04-29T18:54:00.0000000' AS DateTime2), 274, NULL, NULL, N'Flight', NULL, 4, 4, 3, CAST(N'0001-01-01T00:00:00.0000000' AS DateTime2), 0, N'1dcef9b0-3245-4c9f-808c-d4bbb08b32b3')
GO
INSERT [dbo].[Transportations] ([TransportationID], [Confirmation], [Type], [Depart], [DepartLocationLocationID], [Arrive], [ArriveLocationLocationID], [Carrier], [Identifer], [Discriminator], [QuoteID], [QuoteRequestID], [DepartureAirPortID], [ArrivalAirPortID], [Quoted], [Side], [TripQuoteID]) VALUES (175, NULL, 0, CAST(N'2020-04-24T13:40:00.0000000' AS DateTime2), 270, CAST(N'2020-04-24T15:17:00.0000000' AS DateTime2), 275, NULL, NULL, N'Flight', NULL, 4, 3, 4, CAST(N'0001-01-01T00:00:00.0000000' AS DateTime2), 0, N'1dcef9b0-3245-4c9f-808c-d4bbb08b32b3')
GO
INSERT [dbo].[Transportations] ([TransportationID], [Confirmation], [Type], [Depart], [DepartLocationLocationID], [Arrive], [ArriveLocationLocationID], [Carrier], [Identifer], [Discriminator], [QuoteID], [QuoteRequestID], [DepartureAirPortID], [ArrivalAirPortID], [Quoted], [Side], [TripQuoteID]) VALUES (176, NULL, 0, CAST(N'2020-04-24T20:31:00.0000000' AS DateTime2), 300, CAST(N'2020-04-24T21:51:00.0000000' AS DateTime2), 301, N'Delta Airlines', NULL, N'Flight', NULL, 4, 5, 4, CAST(N'0001-01-01T00:00:00.0000000' AS DateTime2), 0, N'12b15397-1e84-4873-ba7f-973ded6efd74')
GO
INSERT [dbo].[Transportations] ([TransportationID], [Confirmation], [Type], [Depart], [DepartLocationLocationID], [Arrive], [ArriveLocationLocationID], [Carrier], [Identifer], [Discriminator], [QuoteID], [QuoteRequestID], [DepartureAirPortID], [ArrivalAirPortID], [Quoted], [Side], [TripQuoteID]) VALUES (177, NULL, 0, CAST(N'2020-04-29T17:00:00.0000000' AS DateTime2), 298, CAST(N'2020-04-29T18:54:00.0000000' AS DateTime2), 299, N'Delta Airlines', NULL, N'Flight', NULL, 4, 4, 3, CAST(N'0001-01-01T00:00:00.0000000' AS DateTime2), 0, N'12b15397-1e84-4873-ba7f-973ded6efd74')
GO
INSERT [dbo].[Transportations] ([TransportationID], [Confirmation], [Type], [Depart], [DepartLocationLocationID], [Arrive], [ArriveLocationLocationID], [Carrier], [Identifer], [Discriminator], [QuoteID], [QuoteRequestID], [DepartureAirPortID], [ArrivalAirPortID], [Quoted], [Side], [TripQuoteID]) VALUES (178, NULL, 0, CAST(N'2020-04-29T19:35:00.0000000' AS DateTime2), 296, CAST(N'2020-04-29T20:55:00.0000000' AS DateTime2), 297, N'Delta Airlines', NULL, N'Flight', NULL, 4, 3, 1, CAST(N'0001-01-01T00:00:00.0000000' AS DateTime2), 0, N'12b15397-1e84-4873-ba7f-973ded6efd74')
GO
INSERT [dbo].[Transportations] ([TransportationID], [Confirmation], [Type], [Depart], [DepartLocationLocationID], [Arrive], [ArriveLocationLocationID], [Carrier], [Identifer], [Discriminator], [QuoteID], [QuoteRequestID], [DepartureAirPortID], [ArrivalAirPortID], [Quoted], [Side], [TripQuoteID]) VALUES (179, NULL, 0, CAST(N'2020-04-24T17:56:00.0000000' AS DateTime2), 294, CAST(N'2020-04-24T19:36:00.0000000' AS DateTime2), 295, NULL, NULL, N'Flight', NULL, 4, 1, 5, CAST(N'0001-01-01T00:00:00.0000000' AS DateTime2), 0, N'e288b7a1-ddb6-4138-bcbd-bd4844513bbf')
GO
INSERT [dbo].[Transportations] ([TransportationID], [Confirmation], [Type], [Depart], [DepartLocationLocationID], [Arrive], [ArriveLocationLocationID], [Carrier], [Identifer], [Discriminator], [QuoteID], [QuoteRequestID], [DepartureAirPortID], [ArrivalAirPortID], [Quoted], [Side], [TripQuoteID]) VALUES (180, NULL, 0, CAST(N'2020-04-24T20:31:00.0000000' AS DateTime2), 304, CAST(N'2020-04-24T21:51:00.0000000' AS DateTime2), 293, NULL, NULL, N'Flight', NULL, 4, 5, 4, CAST(N'0001-01-01T00:00:00.0000000' AS DateTime2), 0, N'e288b7a1-ddb6-4138-bcbd-bd4844513bbf')
GO
INSERT [dbo].[Transportations] ([TransportationID], [Confirmation], [Type], [Depart], [DepartLocationLocationID], [Arrive], [ArriveLocationLocationID], [Carrier], [Identifer], [Discriminator], [QuoteID], [QuoteRequestID], [DepartureAirPortID], [ArrivalAirPortID], [Quoted], [Side], [TripQuoteID]) VALUES (181, NULL, 0, CAST(N'2020-04-29T17:00:00.0000000' AS DateTime2), 290, CAST(N'2020-04-29T18:54:00.0000000' AS DateTime2), 292, NULL, NULL, N'Flight', NULL, 4, 4, 3, CAST(N'0001-01-01T00:00:00.0000000' AS DateTime2), 0, N'e288b7a1-ddb6-4138-bcbd-bd4844513bbf')
GO
INSERT [dbo].[Transportations] ([TransportationID], [Confirmation], [Type], [Depart], [DepartLocationLocationID], [Arrive], [ArriveLocationLocationID], [Carrier], [Identifer], [Discriminator], [QuoteID], [QuoteRequestID], [DepartureAirPortID], [ArrivalAirPortID], [Quoted], [Side], [TripQuoteID]) VALUES (182, NULL, 0, CAST(N'2020-04-29T21:35:00.0000000' AS DateTime2), 288, CAST(N'2020-04-29T22:53:00.0000000' AS DateTime2), 289, NULL, NULL, N'Flight', NULL, 4, 3, 1, CAST(N'0001-01-01T00:00:00.0000000' AS DateTime2), 0, N'e288b7a1-ddb6-4138-bcbd-bd4844513bbf')
GO
INSERT [dbo].[Transportations] ([TransportationID], [Confirmation], [Type], [Depart], [DepartLocationLocationID], [Arrive], [ArriveLocationLocationID], [Carrier], [Identifer], [Discriminator], [QuoteID], [QuoteRequestID], [DepartureAirPortID], [ArrivalAirPortID], [Quoted], [Side], [TripQuoteID]) VALUES (183, NULL, 0, CAST(N'2020-04-24T17:56:00.0000000' AS DateTime2), 286, CAST(N'2020-04-24T19:36:00.0000000' AS DateTime2), 287, NULL, NULL, N'Flight', NULL, 4, 1, 5, CAST(N'0001-01-01T00:00:00.0000000' AS DateTime2), 0, N'dc874664-9386-44f6-a5a5-ddbdcded82d0')
GO
INSERT [dbo].[Transportations] ([TransportationID], [Confirmation], [Type], [Depart], [DepartLocationLocationID], [Arrive], [ArriveLocationLocationID], [Carrier], [Identifer], [Discriminator], [QuoteID], [QuoteRequestID], [DepartureAirPortID], [ArrivalAirPortID], [Quoted], [Side], [TripQuoteID]) VALUES (184, NULL, 0, CAST(N'2020-04-24T20:31:00.0000000' AS DateTime2), 284, CAST(N'2020-04-24T21:51:00.0000000' AS DateTime2), 285, NULL, NULL, N'Flight', NULL, 4, 5, 4, CAST(N'0001-01-01T00:00:00.0000000' AS DateTime2), 0, N'dc874664-9386-44f6-a5a5-ddbdcded82d0')
GO
INSERT [dbo].[Transportations] ([TransportationID], [Confirmation], [Type], [Depart], [DepartLocationLocationID], [Arrive], [ArriveLocationLocationID], [Carrier], [Identifer], [Discriminator], [QuoteID], [QuoteRequestID], [DepartureAirPortID], [ArrivalAirPortID], [Quoted], [Side], [TripQuoteID]) VALUES (185, NULL, 0, CAST(N'2020-04-29T14:30:00.0000000' AS DateTime2), 282, CAST(N'2020-04-29T16:24:00.0000000' AS DateTime2), 283, NULL, NULL, N'Flight', NULL, 4, 4, 3, CAST(N'0001-01-01T00:00:00.0000000' AS DateTime2), 0, N'dc874664-9386-44f6-a5a5-ddbdcded82d0')
GO
INSERT [dbo].[Transportations] ([TransportationID], [Confirmation], [Type], [Depart], [DepartLocationLocationID], [Arrive], [ArriveLocationLocationID], [Carrier], [Identifer], [Discriminator], [QuoteID], [QuoteRequestID], [DepartureAirPortID], [ArrivalAirPortID], [Quoted], [Side], [TripQuoteID]) VALUES (186, NULL, 0, CAST(N'2020-04-29T19:35:00.0000000' AS DateTime2), 280, CAST(N'2020-04-29T20:55:00.0000000' AS DateTime2), 281, NULL, NULL, N'Flight', NULL, 4, 3, 1, CAST(N'0001-01-01T00:00:00.0000000' AS DateTime2), 0, N'dc874664-9386-44f6-a5a5-ddbdcded82d0')
GO
INSERT [dbo].[Transportations] ([TransportationID], [Confirmation], [Type], [Depart], [DepartLocationLocationID], [Arrive], [ArriveLocationLocationID], [Carrier], [Identifer], [Discriminator], [QuoteID], [QuoteRequestID], [DepartureAirPortID], [ArrivalAirPortID], [Quoted], [Side], [TripQuoteID]) VALUES (187, NULL, 0, CAST(N'2020-04-24T17:56:00.0000000' AS DateTime2), 305, CAST(N'2020-04-24T19:36:00.0000000' AS DateTime2), 291, NULL, NULL, N'Flight', NULL, 4, 1, 5, CAST(N'0001-01-01T00:00:00.0000000' AS DateTime2), 0, N'9ab8753a-9f59-4e58-87af-f9e8432f76b7')
GO
INSERT [dbo].[Transportations] ([TransportationID], [Confirmation], [Type], [Depart], [DepartLocationLocationID], [Arrive], [ArriveLocationLocationID], [Carrier], [Identifer], [Discriminator], [QuoteID], [QuoteRequestID], [DepartureAirPortID], [ArrivalAirPortID], [Quoted], [Side], [TripQuoteID]) VALUES (188, NULL, 0, CAST(N'2020-04-24T20:31:00.0000000' AS DateTime2), 307, CAST(N'2020-04-24T21:51:00.0000000' AS DateTime2), 306, NULL, NULL, N'Flight', NULL, 4, 5, 4, CAST(N'0001-01-01T00:00:00.0000000' AS DateTime2), 0, N'9ab8753a-9f59-4e58-87af-f9e8432f76b7')
GO
INSERT [dbo].[Transportations] ([TransportationID], [Confirmation], [Type], [Depart], [DepartLocationLocationID], [Arrive], [ArriveLocationLocationID], [Carrier], [Identifer], [Discriminator], [QuoteID], [QuoteRequestID], [DepartureAirPortID], [ArrivalAirPortID], [Quoted], [Side], [TripQuoteID]) VALUES (189, NULL, 0, CAST(N'2020-04-24T06:00:00.0000000' AS DateTime2), 393, CAST(N'2020-04-24T07:21:00.0000000' AS DateTime2), 390, NULL, NULL, N'Flight', NULL, 4, 1, 3, CAST(N'0001-01-01T00:00:00.0000000' AS DateTime2), 0, N'e9dd98b5-9f61-43e0-9457-8dbdf09c291c')
GO
INSERT [dbo].[Transportations] ([TransportationID], [Confirmation], [Type], [Depart], [DepartLocationLocationID], [Arrive], [ArriveLocationLocationID], [Carrier], [Identifer], [Discriminator], [QuoteID], [QuoteRequestID], [DepartureAirPortID], [ArrivalAirPortID], [Quoted], [Side], [TripQuoteID]) VALUES (190, NULL, 0, CAST(N'2020-04-29T06:25:00.0000000' AS DateTime2), 331, CAST(N'2020-04-29T07:48:00.0000000' AS DateTime2), 332, NULL, NULL, N'Flight', NULL, 4, 4, 5, CAST(N'0001-01-01T00:00:00.0000000' AS DateTime2), 0, N'9ab8753a-9f59-4e58-87af-f9e8432f76b7')
GO
INSERT [dbo].[Transportations] ([TransportationID], [Confirmation], [Type], [Depart], [DepartLocationLocationID], [Arrive], [ArriveLocationLocationID], [Carrier], [Identifer], [Discriminator], [QuoteID], [QuoteRequestID], [DepartureAirPortID], [ArrivalAirPortID], [Quoted], [Side], [TripQuoteID]) VALUES (191, NULL, 0, CAST(N'2020-04-24T11:00:00.0000000' AS DateTime2), 327, CAST(N'2020-04-24T12:18:00.0000000' AS DateTime2), 328, NULL, NULL, N'Flight', NULL, 4, 1, 3, CAST(N'0001-01-01T00:00:00.0000000' AS DateTime2), 0, N'28160e27-59ea-4d25-9fda-4b8d0a20606a')
GO
INSERT [dbo].[Transportations] ([TransportationID], [Confirmation], [Type], [Depart], [DepartLocationLocationID], [Arrive], [ArriveLocationLocationID], [Carrier], [Identifer], [Discriminator], [QuoteID], [QuoteRequestID], [DepartureAirPortID], [ArrivalAirPortID], [Quoted], [Side], [TripQuoteID]) VALUES (192, NULL, 0, CAST(N'2020-04-24T13:40:00.0000000' AS DateTime2), 325, CAST(N'2020-04-24T15:17:00.0000000' AS DateTime2), 326, NULL, NULL, N'Flight', NULL, 4, 3, 4, CAST(N'0001-01-01T00:00:00.0000000' AS DateTime2), 0, N'28160e27-59ea-4d25-9fda-4b8d0a20606a')
GO
INSERT [dbo].[Transportations] ([TransportationID], [Confirmation], [Type], [Depart], [DepartLocationLocationID], [Arrive], [ArriveLocationLocationID], [Carrier], [Identifer], [Discriminator], [QuoteID], [QuoteRequestID], [DepartureAirPortID], [ArrivalAirPortID], [Quoted], [Side], [TripQuoteID]) VALUES (193, NULL, 0, CAST(N'2020-04-29T17:00:00.0000000' AS DateTime2), 324, CAST(N'2020-04-29T18:54:00.0000000' AS DateTime2), 278, NULL, NULL, N'Flight', NULL, 4, 4, 3, CAST(N'0001-01-01T00:00:00.0000000' AS DateTime2), 0, N'28160e27-59ea-4d25-9fda-4b8d0a20606a')
GO
INSERT [dbo].[Transportations] ([TransportationID], [Confirmation], [Type], [Depart], [DepartLocationLocationID], [Arrive], [ArriveLocationLocationID], [Carrier], [Identifer], [Discriminator], [QuoteID], [QuoteRequestID], [DepartureAirPortID], [ArrivalAirPortID], [Quoted], [Side], [TripQuoteID]) VALUES (194, NULL, 0, CAST(N'2020-04-29T19:35:00.0000000' AS DateTime2), 322, CAST(N'2020-04-29T20:55:00.0000000' AS DateTime2), 323, NULL, NULL, N'Flight', NULL, 4, 3, 1, CAST(N'0001-01-01T00:00:00.0000000' AS DateTime2), 0, N'28160e27-59ea-4d25-9fda-4b8d0a20606a')
GO
INSERT [dbo].[Transportations] ([TransportationID], [Confirmation], [Type], [Depart], [DepartLocationLocationID], [Arrive], [ArriveLocationLocationID], [Carrier], [Identifer], [Discriminator], [QuoteID], [QuoteRequestID], [DepartureAirPortID], [ArrivalAirPortID], [Quoted], [Side], [TripQuoteID]) VALUES (195, NULL, 0, CAST(N'2020-04-24T14:45:00.0000000' AS DateTime2), 320, CAST(N'2020-04-24T16:05:00.0000000' AS DateTime2), 321, NULL, NULL, N'Flight', NULL, 4, 1, 3, CAST(N'0001-01-01T00:00:00.0000000' AS DateTime2), 0, N'20e71d0a-fca0-425d-81b7-ea7c0044b7b1')
GO
INSERT [dbo].[Transportations] ([TransportationID], [Confirmation], [Type], [Depart], [DepartLocationLocationID], [Arrive], [ArriveLocationLocationID], [Carrier], [Identifer], [Discriminator], [QuoteID], [QuoteRequestID], [DepartureAirPortID], [ArrivalAirPortID], [Quoted], [Side], [TripQuoteID]) VALUES (196, NULL, 0, CAST(N'2020-04-24T17:55:00.0000000' AS DateTime2), 318, CAST(N'2020-04-24T19:39:00.0000000' AS DateTime2), 319, NULL, NULL, N'Flight', NULL, 4, 3, 4, CAST(N'0001-01-01T00:00:00.0000000' AS DateTime2), 0, N'20e71d0a-fca0-425d-81b7-ea7c0044b7b1')
GO
INSERT [dbo].[Transportations] ([TransportationID], [Confirmation], [Type], [Depart], [DepartLocationLocationID], [Arrive], [ArriveLocationLocationID], [Carrier], [Identifer], [Discriminator], [QuoteID], [QuoteRequestID], [DepartureAirPortID], [ArrivalAirPortID], [Quoted], [Side], [TripQuoteID]) VALUES (197, NULL, 0, CAST(N'2020-04-29T17:00:00.0000000' AS DateTime2), 316, CAST(N'2020-04-29T18:54:00.0000000' AS DateTime2), 317, NULL, NULL, N'Flight', NULL, 4, 4, 3, CAST(N'0001-01-01T00:00:00.0000000' AS DateTime2), 0, N'20e71d0a-fca0-425d-81b7-ea7c0044b7b1')
GO
INSERT [dbo].[Transportations] ([TransportationID], [Confirmation], [Type], [Depart], [DepartLocationLocationID], [Arrive], [ArriveLocationLocationID], [Carrier], [Identifer], [Discriminator], [QuoteID], [QuoteRequestID], [DepartureAirPortID], [ArrivalAirPortID], [Quoted], [Side], [TripQuoteID]) VALUES (198, NULL, 0, CAST(N'2020-04-29T21:35:00.0000000' AS DateTime2), 314, CAST(N'2020-04-29T22:53:00.0000000' AS DateTime2), 315, NULL, NULL, N'Flight', NULL, 4, 3, 1, CAST(N'0001-01-01T00:00:00.0000000' AS DateTime2), 0, N'20e71d0a-fca0-425d-81b7-ea7c0044b7b1')
GO
INSERT [dbo].[Transportations] ([TransportationID], [Confirmation], [Type], [Depart], [DepartLocationLocationID], [Arrive], [ArriveLocationLocationID], [Carrier], [Identifer], [Discriminator], [QuoteID], [QuoteRequestID], [DepartureAirPortID], [ArrivalAirPortID], [Quoted], [Side], [TripQuoteID]) VALUES (199, NULL, 0, CAST(N'2020-04-24T06:00:00.0000000' AS DateTime2), 312, CAST(N'2020-04-24T07:21:00.0000000' AS DateTime2), 313, NULL, NULL, N'Flight', NULL, 4, 1, 3, CAST(N'0001-01-01T00:00:00.0000000' AS DateTime2), 0, N'4c49a002-f7df-4d2c-b914-eca1e9f84fea')
GO
INSERT [dbo].[Transportations] ([TransportationID], [Confirmation], [Type], [Depart], [DepartLocationLocationID], [Arrive], [ArriveLocationLocationID], [Carrier], [Identifer], [Discriminator], [QuoteID], [QuoteRequestID], [DepartureAirPortID], [ArrivalAirPortID], [Quoted], [Side], [TripQuoteID]) VALUES (200, NULL, 0, CAST(N'2020-04-24T09:40:00.0000000' AS DateTime2), 310, CAST(N'2020-04-24T11:24:00.0000000' AS DateTime2), 311, NULL, NULL, N'Flight', NULL, 4, 3, 4, CAST(N'0001-01-01T00:00:00.0000000' AS DateTime2), 0, N'4c49a002-f7df-4d2c-b914-eca1e9f84fea')
GO
INSERT [dbo].[Transportations] ([TransportationID], [Confirmation], [Type], [Depart], [DepartLocationLocationID], [Arrive], [ArriveLocationLocationID], [Carrier], [Identifer], [Discriminator], [QuoteID], [QuoteRequestID], [DepartureAirPortID], [ArrivalAirPortID], [Quoted], [Side], [TripQuoteID]) VALUES (201, NULL, 0, CAST(N'2020-04-29T14:30:00.0000000' AS DateTime2), 308, CAST(N'2020-04-29T16:24:00.0000000' AS DateTime2), 309, NULL, NULL, N'Flight', NULL, 4, 4, 3, CAST(N'0001-01-01T00:00:00.0000000' AS DateTime2), 0, N'4c49a002-f7df-4d2c-b914-eca1e9f84fea')
GO
INSERT [dbo].[Transportations] ([TransportationID], [Confirmation], [Type], [Depart], [DepartLocationLocationID], [Arrive], [ArriveLocationLocationID], [Carrier], [Identifer], [Discriminator], [QuoteID], [QuoteRequestID], [DepartureAirPortID], [ArrivalAirPortID], [Quoted], [Side], [TripQuoteID]) VALUES (202, NULL, 0, CAST(N'2020-04-29T19:35:00.0000000' AS DateTime2), 333, CAST(N'2020-04-29T20:55:00.0000000' AS DateTime2), 279, NULL, NULL, N'Flight', NULL, 4, 3, 1, CAST(N'0001-01-01T00:00:00.0000000' AS DateTime2), 0, N'4c49a002-f7df-4d2c-b914-eca1e9f84fea')
GO
INSERT [dbo].[Transportations] ([TransportationID], [Confirmation], [Type], [Depart], [DepartLocationLocationID], [Arrive], [ArriveLocationLocationID], [Carrier], [Identifer], [Discriminator], [QuoteID], [QuoteRequestID], [DepartureAirPortID], [ArrivalAirPortID], [Quoted], [Side], [TripQuoteID]) VALUES (203, NULL, 0, CAST(N'2020-04-24T11:00:00.0000000' AS DateTime2), 272, CAST(N'2020-04-24T12:18:00.0000000' AS DateTime2), 268, NULL, NULL, N'Flight', NULL, 4, 1, 3, CAST(N'0001-01-01T00:00:00.0000000' AS DateTime2), 0, N'1dcef9b0-3245-4c9f-808c-d4bbb08b32b3')
GO
INSERT [dbo].[Transportations] ([TransportationID], [Confirmation], [Type], [Depart], [DepartLocationLocationID], [Arrive], [ArriveLocationLocationID], [Carrier], [Identifer], [Discriminator], [QuoteID], [QuoteRequestID], [DepartureAirPortID], [ArrivalAirPortID], [Quoted], [Side], [TripQuoteID]) VALUES (204, NULL, 0, CAST(N'2020-04-29T10:20:00.0000000' AS DateTime2), 329, CAST(N'2020-04-29T11:53:00.0000000' AS DateTime2), 330, NULL, NULL, N'Flight', NULL, 4, 5, 1, CAST(N'0001-01-01T00:00:00.0000000' AS DateTime2), 0, N'9ab8753a-9f59-4e58-87af-f9e8432f76b7')
GO
INSERT [dbo].[Transportations] ([TransportationID], [Confirmation], [Type], [Depart], [DepartLocationLocationID], [Arrive], [ArriveLocationLocationID], [Carrier], [Identifer], [Discriminator], [QuoteID], [QuoteRequestID], [DepartureAirPortID], [ArrivalAirPortID], [Quoted], [Side], [TripQuoteID]) VALUES (205, NULL, 0, CAST(N'2020-04-29T19:35:00.0000000' AS DateTime2), 448, CAST(N'2020-04-29T20:55:00.0000000' AS DateTime2), 449, NULL, NULL, N'Flight', NULL, 4, 3, 1, CAST(N'0001-01-01T00:00:00.0000000' AS DateTime2), 0, N'c6817175-d5d3-4eeb-a4c9-b489ef0bfa73')
GO
INSERT [dbo].[Transportations] ([TransportationID], [Confirmation], [Type], [Depart], [DepartLocationLocationID], [Arrive], [ArriveLocationLocationID], [Carrier], [Identifer], [Discriminator], [QuoteID], [QuoteRequestID], [DepartureAirPortID], [ArrivalAirPortID], [Quoted], [Side], [TripQuoteID]) VALUES (206, NULL, 0, CAST(N'2020-04-24T09:40:00.0000000' AS DateTime2), 401, CAST(N'2020-04-24T11:24:00.0000000' AS DateTime2), 398, NULL, NULL, N'Flight', NULL, 4, 3, 4, CAST(N'0001-01-01T00:00:00.0000000' AS DateTime2), 0, N'e9dd98b5-9f61-43e0-9457-8dbdf09c291c')
GO
INSERT [dbo].[Transportations] ([TransportationID], [Confirmation], [Type], [Depart], [DepartLocationLocationID], [Arrive], [ArriveLocationLocationID], [Carrier], [Identifer], [Discriminator], [QuoteID], [QuoteRequestID], [DepartureAirPortID], [ArrivalAirPortID], [Quoted], [Side], [TripQuoteID]) VALUES (207, NULL, 0, CAST(N'2020-04-29T10:20:00.0000000' AS DateTime2), 407, CAST(N'2020-04-29T11:53:00.0000000' AS DateTime2), 334, NULL, NULL, N'Flight', NULL, 4, 5, 1, CAST(N'0001-01-01T00:00:00.0000000' AS DateTime2), 0, N'e9dd98b5-9f61-43e0-9457-8dbdf09c291c')
GO
INSERT [dbo].[Transportations] ([TransportationID], [Confirmation], [Type], [Depart], [DepartLocationLocationID], [Arrive], [ArriveLocationLocationID], [Carrier], [Identifer], [Discriminator], [QuoteID], [QuoteRequestID], [DepartureAirPortID], [ArrivalAirPortID], [Quoted], [Side], [TripQuoteID]) VALUES (208, NULL, 0, CAST(N'2020-04-29T06:25:00.0000000' AS DateTime2), 370, CAST(N'2020-04-29T07:48:00.0000000' AS DateTime2), 371, NULL, NULL, N'Flight', NULL, 4, 4, 5, CAST(N'0001-01-01T00:00:00.0000000' AS DateTime2), 0, N'68aae51d-ddc4-41ca-92db-69add6654693')
GO
INSERT [dbo].[Transportations] ([TransportationID], [Confirmation], [Type], [Depart], [DepartLocationLocationID], [Arrive], [ArriveLocationLocationID], [Carrier], [Identifer], [Discriminator], [QuoteID], [QuoteRequestID], [DepartureAirPortID], [ArrivalAirPortID], [Quoted], [Side], [TripQuoteID]) VALUES (209, NULL, 0, CAST(N'2020-04-29T08:30:00.0000000' AS DateTime2), 367, CAST(N'2020-04-29T10:22:00.0000000' AS DateTime2), 368, NULL, NULL, N'Flight', NULL, 4, 5, 3, CAST(N'0001-01-01T00:00:00.0000000' AS DateTime2), 0, N'68aae51d-ddc4-41ca-92db-69add6654693')
GO
INSERT [dbo].[Transportations] ([TransportationID], [Confirmation], [Type], [Depart], [DepartLocationLocationID], [Arrive], [ArriveLocationLocationID], [Carrier], [Identifer], [Discriminator], [QuoteID], [QuoteRequestID], [DepartureAirPortID], [ArrivalAirPortID], [Quoted], [Side], [TripQuoteID]) VALUES (210, NULL, 0, CAST(N'2020-04-29T11:40:00.0000000' AS DateTime2), 365, CAST(N'2020-04-29T12:54:00.0000000' AS DateTime2), 366, NULL, NULL, N'Flight', NULL, 4, 3, 1, CAST(N'0001-01-01T00:00:00.0000000' AS DateTime2), 0, N'68aae51d-ddc4-41ca-92db-69add6654693')
GO
INSERT [dbo].[Transportations] ([TransportationID], [Confirmation], [Type], [Depart], [DepartLocationLocationID], [Arrive], [ArriveLocationLocationID], [Carrier], [Identifer], [Discriminator], [QuoteID], [QuoteRequestID], [DepartureAirPortID], [ArrivalAirPortID], [Quoted], [Side], [TripQuoteID]) VALUES (211, NULL, 0, CAST(N'2020-04-24T06:00:00.0000000' AS DateTime2), 362, CAST(N'2020-04-24T07:21:00.0000000' AS DateTime2), 363, NULL, NULL, N'Flight', NULL, 4, 1, 3, CAST(N'0001-01-01T00:00:00.0000000' AS DateTime2), 0, N'79d23840-bc23-43ef-bea0-264b790e01e6')
GO
INSERT [dbo].[Transportations] ([TransportationID], [Confirmation], [Type], [Depart], [DepartLocationLocationID], [Arrive], [ArriveLocationLocationID], [Carrier], [Identifer], [Discriminator], [QuoteID], [QuoteRequestID], [DepartureAirPortID], [ArrivalAirPortID], [Quoted], [Side], [TripQuoteID]) VALUES (212, NULL, 0, CAST(N'2020-04-24T09:40:00.0000000' AS DateTime2), 523, CAST(N'2020-04-24T11:24:00.0000000' AS DateTime2), 436, NULL, NULL, N'Flight', NULL, 4, 3, 4, CAST(N'0001-01-01T00:00:00.0000000' AS DateTime2), 0, N'79d23840-bc23-43ef-bea0-264b790e01e6')
GO
INSERT [dbo].[Transportations] ([TransportationID], [Confirmation], [Type], [Depart], [DepartLocationLocationID], [Arrive], [ArriveLocationLocationID], [Carrier], [Identifer], [Discriminator], [QuoteID], [QuoteRequestID], [DepartureAirPortID], [ArrivalAirPortID], [Quoted], [Side], [TripQuoteID]) VALUES (213, NULL, 0, CAST(N'2020-04-29T06:25:00.0000000' AS DateTime2), 508, CAST(N'2020-04-29T07:48:00.0000000' AS DateTime2), 437, NULL, NULL, N'Flight', NULL, 4, 4, 5, CAST(N'0001-01-01T00:00:00.0000000' AS DateTime2), 0, N'79d23840-bc23-43ef-bea0-264b790e01e6')
GO
INSERT [dbo].[Transportations] ([TransportationID], [Confirmation], [Type], [Depart], [DepartLocationLocationID], [Arrive], [ArriveLocationLocationID], [Carrier], [Identifer], [Discriminator], [QuoteID], [QuoteRequestID], [DepartureAirPortID], [ArrivalAirPortID], [Quoted], [Side], [TripQuoteID]) VALUES (214, NULL, 0, CAST(N'2020-04-29T08:30:00.0000000' AS DateTime2), 505, CAST(N'2020-04-29T10:22:00.0000000' AS DateTime2), 506, NULL, NULL, N'Flight', NULL, 4, 5, 3, CAST(N'0001-01-01T00:00:00.0000000' AS DateTime2), 0, N'79d23840-bc23-43ef-bea0-264b790e01e6')
GO
INSERT [dbo].[Transportations] ([TransportationID], [Confirmation], [Type], [Depart], [DepartLocationLocationID], [Arrive], [ArriveLocationLocationID], [Carrier], [Identifer], [Discriminator], [QuoteID], [QuoteRequestID], [DepartureAirPortID], [ArrivalAirPortID], [Quoted], [Side], [TripQuoteID]) VALUES (215, NULL, 0, CAST(N'2020-04-29T11:40:00.0000000' AS DateTime2), 502, CAST(N'2020-04-29T12:54:00.0000000' AS DateTime2), 503, NULL, NULL, N'Flight', NULL, 4, 3, 1, CAST(N'0001-01-01T00:00:00.0000000' AS DateTime2), 0, N'79d23840-bc23-43ef-bea0-264b790e01e6')
GO
INSERT [dbo].[Transportations] ([TransportationID], [Confirmation], [Type], [Depart], [DepartLocationLocationID], [Arrive], [ArriveLocationLocationID], [Carrier], [Identifer], [Discriminator], [QuoteID], [QuoteRequestID], [DepartureAirPortID], [ArrivalAirPortID], [Quoted], [Side], [TripQuoteID]) VALUES (216, NULL, 0, CAST(N'2020-04-24T11:00:00.0000000' AS DateTime2), 500, CAST(N'2020-04-24T12:18:00.0000000' AS DateTime2), 501, NULL, NULL, N'Flight', NULL, 4, 1, 3, CAST(N'0001-01-01T00:00:00.0000000' AS DateTime2), 0, N'facb6425-4d82-41c6-ad56-97e8016a745f')
GO
INSERT [dbo].[Transportations] ([TransportationID], [Confirmation], [Type], [Depart], [DepartLocationLocationID], [Arrive], [ArriveLocationLocationID], [Carrier], [Identifer], [Discriminator], [QuoteID], [QuoteRequestID], [DepartureAirPortID], [ArrivalAirPortID], [Quoted], [Side], [TripQuoteID]) VALUES (217, NULL, 0, CAST(N'2020-04-24T15:05:00.0000000' AS DateTime2), 497, CAST(N'2020-04-24T16:49:00.0000000' AS DateTime2), 498, NULL, NULL, N'Flight', NULL, 4, 3, 5, CAST(N'0001-01-01T00:00:00.0000000' AS DateTime2), 0, N'facb6425-4d82-41c6-ad56-97e8016a745f')
GO
INSERT [dbo].[Transportations] ([TransportationID], [Confirmation], [Type], [Depart], [DepartLocationLocationID], [Arrive], [ArriveLocationLocationID], [Carrier], [Identifer], [Discriminator], [QuoteID], [QuoteRequestID], [DepartureAirPortID], [ArrivalAirPortID], [Quoted], [Side], [TripQuoteID]) VALUES (218, NULL, 0, CAST(N'2020-04-24T20:31:00.0000000' AS DateTime2), 495, CAST(N'2020-04-24T21:51:00.0000000' AS DateTime2), 536, NULL, NULL, N'Flight', NULL, 4, 5, 4, CAST(N'0001-01-01T00:00:00.0000000' AS DateTime2), 0, N'facb6425-4d82-41c6-ad56-97e8016a745f')
GO
INSERT [dbo].[Transportations] ([TransportationID], [Confirmation], [Type], [Depart], [DepartLocationLocationID], [Arrive], [ArriveLocationLocationID], [Carrier], [Identifer], [Discriminator], [QuoteID], [QuoteRequestID], [DepartureAirPortID], [ArrivalAirPortID], [Quoted], [Side], [TripQuoteID]) VALUES (219, NULL, 0, CAST(N'2020-04-29T06:25:00.0000000' AS DateTime2), 493, CAST(N'2020-04-29T07:48:00.0000000' AS DateTime2), 494, NULL, NULL, N'Flight', NULL, 4, 4, 5, CAST(N'0001-01-01T00:00:00.0000000' AS DateTime2), 0, N'facb6425-4d82-41c6-ad56-97e8016a745f')
GO
INSERT [dbo].[Transportations] ([TransportationID], [Confirmation], [Type], [Depart], [DepartLocationLocationID], [Arrive], [ArriveLocationLocationID], [Carrier], [Identifer], [Discriminator], [QuoteID], [QuoteRequestID], [DepartureAirPortID], [ArrivalAirPortID], [Quoted], [Side], [TripQuoteID]) VALUES (220, NULL, 0, CAST(N'2020-04-29T08:30:00.0000000' AS DateTime2), 490, CAST(N'2020-04-29T10:22:00.0000000' AS DateTime2), 491, NULL, NULL, N'Flight', NULL, 4, 5, 3, CAST(N'0001-01-01T00:00:00.0000000' AS DateTime2), 0, N'facb6425-4d82-41c6-ad56-97e8016a745f')
GO
INSERT [dbo].[Transportations] ([TransportationID], [Confirmation], [Type], [Depart], [DepartLocationLocationID], [Arrive], [ArriveLocationLocationID], [Carrier], [Identifer], [Discriminator], [QuoteID], [QuoteRequestID], [DepartureAirPortID], [ArrivalAirPortID], [Quoted], [Side], [TripQuoteID]) VALUES (221, NULL, 0, CAST(N'2020-04-29T11:40:00.0000000' AS DateTime2), 509, CAST(N'2020-04-29T12:54:00.0000000' AS DateTime2), 488, NULL, NULL, N'Flight', NULL, 4, 3, 1, CAST(N'0001-01-01T00:00:00.0000000' AS DateTime2), 0, N'facb6425-4d82-41c6-ad56-97e8016a745f')
GO
INSERT [dbo].[Transportations] ([TransportationID], [Confirmation], [Type], [Depart], [DepartLocationLocationID], [Arrive], [ArriveLocationLocationID], [Carrier], [Identifer], [Discriminator], [QuoteID], [QuoteRequestID], [DepartureAirPortID], [ArrivalAirPortID], [Quoted], [Side], [TripQuoteID]) VALUES (222, NULL, 0, CAST(N'2020-04-24T14:45:00.0000000' AS DateTime2), 511, CAST(N'2020-04-24T16:05:00.0000000' AS DateTime2), 510, NULL, NULL, N'Flight', NULL, 4, 1, 3, CAST(N'0001-01-01T00:00:00.0000000' AS DateTime2), 0, N'809fd27b-4635-453b-a1ab-07fd533db9a2')
GO
INSERT [dbo].[Transportations] ([TransportationID], [Confirmation], [Type], [Depart], [DepartLocationLocationID], [Arrive], [ArriveLocationLocationID], [Carrier], [Identifer], [Discriminator], [QuoteID], [QuoteRequestID], [DepartureAirPortID], [ArrivalAirPortID], [Quoted], [Side], [TripQuoteID]) VALUES (223, NULL, 0, CAST(N'2020-04-24T17:30:00.0000000' AS DateTime2), 533, CAST(N'2020-04-24T19:16:00.0000000' AS DateTime2), 534, NULL, NULL, N'Flight', NULL, 4, 3, 5, CAST(N'0001-01-01T00:00:00.0000000' AS DateTime2), 0, N'809fd27b-4635-453b-a1ab-07fd533db9a2')
GO
INSERT [dbo].[Transportations] ([TransportationID], [Confirmation], [Type], [Depart], [DepartLocationLocationID], [Arrive], [ArriveLocationLocationID], [Carrier], [Identifer], [Discriminator], [QuoteID], [QuoteRequestID], [DepartureAirPortID], [ArrivalAirPortID], [Quoted], [Side], [TripQuoteID]) VALUES (224, NULL, 0, CAST(N'2020-04-24T20:31:00.0000000' AS DateTime2), 530, CAST(N'2020-04-24T21:51:00.0000000' AS DateTime2), 531, NULL, NULL, N'Flight', NULL, 4, 5, 4, CAST(N'0001-01-01T00:00:00.0000000' AS DateTime2), 0, N'809fd27b-4635-453b-a1ab-07fd533db9a2')
GO
INSERT [dbo].[Transportations] ([TransportationID], [Confirmation], [Type], [Depart], [DepartLocationLocationID], [Arrive], [ArriveLocationLocationID], [Carrier], [Identifer], [Discriminator], [QuoteID], [QuoteRequestID], [DepartureAirPortID], [ArrivalAirPortID], [Quoted], [Side], [TripQuoteID]) VALUES (225, NULL, 0, CAST(N'2020-04-29T17:00:00.0000000' AS DateTime2), 528, CAST(N'2020-04-29T18:54:00.0000000' AS DateTime2), 529, NULL, NULL, N'Flight', NULL, 4, 4, 3, CAST(N'0001-01-01T00:00:00.0000000' AS DateTime2), 0, N'809fd27b-4635-453b-a1ab-07fd533db9a2')
GO
INSERT [dbo].[Transportations] ([TransportationID], [Confirmation], [Type], [Depart], [DepartLocationLocationID], [Arrive], [ArriveLocationLocationID], [Carrier], [Identifer], [Discriminator], [QuoteID], [QuoteRequestID], [DepartureAirPortID], [ArrivalAirPortID], [Quoted], [Side], [TripQuoteID]) VALUES (226, NULL, 0, CAST(N'2020-04-29T19:35:00.0000000' AS DateTime2), 525, CAST(N'2020-04-29T20:55:00.0000000' AS DateTime2), 526, NULL, NULL, N'Flight', NULL, 4, 3, 1, CAST(N'0001-01-01T00:00:00.0000000' AS DateTime2), 0, N'809fd27b-4635-453b-a1ab-07fd533db9a2')
GO
INSERT [dbo].[Transportations] ([TransportationID], [Confirmation], [Type], [Depart], [DepartLocationLocationID], [Arrive], [ArriveLocationLocationID], [Carrier], [Identifer], [Discriminator], [QuoteID], [QuoteRequestID], [DepartureAirPortID], [ArrivalAirPortID], [Quoted], [Side], [TripQuoteID]) VALUES (227, NULL, 0, CAST(N'2020-04-24T14:45:00.0000000' AS DateTime2), 522, CAST(N'2020-04-24T16:05:00.0000000' AS DateTime2), 524, NULL, NULL, N'Flight', NULL, 4, 1, 3, CAST(N'0001-01-01T00:00:00.0000000' AS DateTime2), 0, N'c708e1d1-47c8-41a6-84d2-8188cb4ccf1e')
GO
INSERT [dbo].[Transportations] ([TransportationID], [Confirmation], [Type], [Depart], [DepartLocationLocationID], [Arrive], [ArriveLocationLocationID], [Carrier], [Identifer], [Discriminator], [QuoteID], [QuoteRequestID], [DepartureAirPortID], [ArrivalAirPortID], [Quoted], [Side], [TripQuoteID]) VALUES (228, NULL, 0, CAST(N'2020-04-24T17:30:00.0000000' AS DateTime2), 520, CAST(N'2020-04-24T19:16:00.0000000' AS DateTime2), 521, NULL, NULL, N'Flight', NULL, 4, 3, 5, CAST(N'0001-01-01T00:00:00.0000000' AS DateTime2), 0, N'c708e1d1-47c8-41a6-84d2-8188cb4ccf1e')
GO
INSERT [dbo].[Transportations] ([TransportationID], [Confirmation], [Type], [Depart], [DepartLocationLocationID], [Arrive], [ArriveLocationLocationID], [Carrier], [Identifer], [Discriminator], [QuoteID], [QuoteRequestID], [DepartureAirPortID], [ArrivalAirPortID], [Quoted], [Side], [TripQuoteID]) VALUES (229, NULL, 0, CAST(N'2020-04-24T20:31:00.0000000' AS DateTime2), 517, CAST(N'2020-04-24T21:51:00.0000000' AS DateTime2), 518, NULL, NULL, N'Flight', NULL, 4, 5, 4, CAST(N'0001-01-01T00:00:00.0000000' AS DateTime2), 0, N'c708e1d1-47c8-41a6-84d2-8188cb4ccf1e')
GO
INSERT [dbo].[Transportations] ([TransportationID], [Confirmation], [Type], [Depart], [DepartLocationLocationID], [Arrive], [ArriveLocationLocationID], [Carrier], [Identifer], [Discriminator], [QuoteID], [QuoteRequestID], [DepartureAirPortID], [ArrivalAirPortID], [Quoted], [Side], [TripQuoteID]) VALUES (230, NULL, 0, CAST(N'2020-04-29T17:00:00.0000000' AS DateTime2), 514, CAST(N'2020-04-29T18:54:00.0000000' AS DateTime2), 515, NULL, NULL, N'Flight', NULL, 4, 4, 3, CAST(N'0001-01-01T00:00:00.0000000' AS DateTime2), 0, N'c708e1d1-47c8-41a6-84d2-8188cb4ccf1e')
GO
INSERT [dbo].[Transportations] ([TransportationID], [Confirmation], [Type], [Depart], [DepartLocationLocationID], [Arrive], [ArriveLocationLocationID], [Carrier], [Identifer], [Discriminator], [QuoteID], [QuoteRequestID], [DepartureAirPortID], [ArrivalAirPortID], [Quoted], [Side], [TripQuoteID]) VALUES (231, NULL, 0, CAST(N'2020-04-29T21:35:00.0000000' AS DateTime2), 487, CAST(N'2020-04-29T22:53:00.0000000' AS DateTime2), 513, NULL, NULL, N'Flight', NULL, 4, 3, 1, CAST(N'0001-01-01T00:00:00.0000000' AS DateTime2), 0, N'c708e1d1-47c8-41a6-84d2-8188cb4ccf1e')
GO
INSERT [dbo].[Transportations] ([TransportationID], [Confirmation], [Type], [Depart], [DepartLocationLocationID], [Arrive], [ArriveLocationLocationID], [Carrier], [Identifer], [Discriminator], [QuoteID], [QuoteRequestID], [DepartureAirPortID], [ArrivalAirPortID], [Quoted], [Side], [TripQuoteID]) VALUES (232, NULL, 0, CAST(N'2020-04-24T14:45:00.0000000' AS DateTime2), 460, CAST(N'2020-04-24T16:05:00.0000000' AS DateTime2), 485, NULL, NULL, N'Flight', NULL, 4, 1, 3, CAST(N'0001-01-01T00:00:00.0000000' AS DateTime2), 0, N'c6817175-d5d3-4eeb-a4c9-b489ef0bfa73')
GO
INSERT [dbo].[Transportations] ([TransportationID], [Confirmation], [Type], [Depart], [DepartLocationLocationID], [Arrive], [ArriveLocationLocationID], [Carrier], [Identifer], [Discriminator], [QuoteID], [QuoteRequestID], [DepartureAirPortID], [ArrivalAirPortID], [Quoted], [Side], [TripQuoteID]) VALUES (233, NULL, 0, CAST(N'2020-04-24T17:30:00.0000000' AS DateTime2), 456, CAST(N'2020-04-24T19:16:00.0000000' AS DateTime2), 457, NULL, NULL, N'Flight', NULL, 4, 3, 5, CAST(N'0001-01-01T00:00:00.0000000' AS DateTime2), 0, N'c6817175-d5d3-4eeb-a4c9-b489ef0bfa73')
GO
INSERT [dbo].[Transportations] ([TransportationID], [Confirmation], [Type], [Depart], [DepartLocationLocationID], [Arrive], [ArriveLocationLocationID], [Carrier], [Identifer], [Discriminator], [QuoteID], [QuoteRequestID], [DepartureAirPortID], [ArrivalAirPortID], [Quoted], [Side], [TripQuoteID]) VALUES (234, NULL, 0, CAST(N'2020-04-24T20:31:00.0000000' AS DateTime2), 454, CAST(N'2020-04-24T21:51:00.0000000' AS DateTime2), 455, NULL, NULL, N'Flight', NULL, 4, 5, 4, CAST(N'0001-01-01T00:00:00.0000000' AS DateTime2), 0, N'c6817175-d5d3-4eeb-a4c9-b489ef0bfa73')
GO
INSERT [dbo].[Transportations] ([TransportationID], [Confirmation], [Type], [Depart], [DepartLocationLocationID], [Arrive], [ArriveLocationLocationID], [Carrier], [Identifer], [Discriminator], [QuoteID], [QuoteRequestID], [DepartureAirPortID], [ArrivalAirPortID], [Quoted], [Side], [TripQuoteID]) VALUES (235, NULL, 0, CAST(N'2020-04-24T17:55:00.0000000' AS DateTime2), 373, CAST(N'2020-04-24T19:39:00.0000000' AS DateTime2), 374, NULL, NULL, N'Flight', NULL, 4, 3, 4, CAST(N'0001-01-01T00:00:00.0000000' AS DateTime2), 0, N'68aae51d-ddc4-41ca-92db-69add6654693')
GO
INSERT [dbo].[Transportations] ([TransportationID], [Confirmation], [Type], [Depart], [DepartLocationLocationID], [Arrive], [ArriveLocationLocationID], [Carrier], [Identifer], [Discriminator], [QuoteID], [QuoteRequestID], [DepartureAirPortID], [ArrivalAirPortID], [Quoted], [Side], [TripQuoteID]) VALUES (236, NULL, 0, CAST(N'2020-04-24T14:45:00.0000000' AS DateTime2), 375, CAST(N'2020-04-24T16:05:00.0000000' AS DateTime2), 376, NULL, NULL, N'Flight', NULL, 4, 1, 3, CAST(N'0001-01-01T00:00:00.0000000' AS DateTime2), 0, N'68aae51d-ddc4-41ca-92db-69add6654693')
GO
INSERT [dbo].[Transportations] ([TransportationID], [Confirmation], [Type], [Depart], [DepartLocationLocationID], [Arrive], [ArriveLocationLocationID], [Carrier], [Identifer], [Discriminator], [QuoteID], [QuoteRequestID], [DepartureAirPortID], [ArrivalAirPortID], [Quoted], [Side], [TripQuoteID]) VALUES (237, NULL, 0, CAST(N'2020-04-29T11:40:00.0000000' AS DateTime2), 378, CAST(N'2020-04-29T12:54:00.0000000' AS DateTime2), 379, NULL, NULL, N'Flight', NULL, 4, 3, 1, CAST(N'0001-01-01T00:00:00.0000000' AS DateTime2), 0, N'9da01896-d882-4452-8fbc-7e467510c5dd')
GO
INSERT [dbo].[Transportations] ([TransportationID], [Confirmation], [Type], [Depart], [DepartLocationLocationID], [Arrive], [ArriveLocationLocationID], [Carrier], [Identifer], [Discriminator], [QuoteID], [QuoteRequestID], [DepartureAirPortID], [ArrivalAirPortID], [Quoted], [Side], [TripQuoteID]) VALUES (238, NULL, 0, CAST(N'2020-04-29T08:30:00.0000000' AS DateTime2), 381, CAST(N'2020-04-29T10:22:00.0000000' AS DateTime2), 382, NULL, NULL, N'Flight', NULL, 4, 5, 3, CAST(N'0001-01-01T00:00:00.0000000' AS DateTime2), 0, N'9da01896-d882-4452-8fbc-7e467510c5dd')
GO
INSERT [dbo].[Transportations] ([TransportationID], [Confirmation], [Type], [Depart], [DepartLocationLocationID], [Arrive], [ArriveLocationLocationID], [Carrier], [Identifer], [Discriminator], [QuoteID], [QuoteRequestID], [DepartureAirPortID], [ArrivalAirPortID], [Quoted], [Side], [TripQuoteID]) VALUES (239, NULL, 0, CAST(N'2020-04-24T11:00:00.0000000' AS DateTime2), 404, CAST(N'2020-04-24T12:18:00.0000000' AS DateTime2), 405, NULL, NULL, N'Flight', NULL, 4, 1, 3, CAST(N'0001-01-01T00:00:00.0000000' AS DateTime2), 0, N'535b0120-2445-4935-b790-8dfea9411c8a')
GO
INSERT [dbo].[Transportations] ([TransportationID], [Confirmation], [Type], [Depart], [DepartLocationLocationID], [Arrive], [ArriveLocationLocationID], [Carrier], [Identifer], [Discriminator], [QuoteID], [QuoteRequestID], [DepartureAirPortID], [ArrivalAirPortID], [Quoted], [Side], [TripQuoteID]) VALUES (240, NULL, 0, CAST(N'2020-04-24T15:05:00.0000000' AS DateTime2), 402, CAST(N'2020-04-24T16:49:00.0000000' AS DateTime2), 403, NULL, NULL, N'Flight', NULL, 4, 3, 5, CAST(N'0001-01-01T00:00:00.0000000' AS DateTime2), 0, N'535b0120-2445-4935-b790-8dfea9411c8a')
GO
INSERT [dbo].[Transportations] ([TransportationID], [Confirmation], [Type], [Depart], [DepartLocationLocationID], [Arrive], [ArriveLocationLocationID], [Carrier], [Identifer], [Discriminator], [QuoteID], [QuoteRequestID], [DepartureAirPortID], [ArrivalAirPortID], [Quoted], [Side], [TripQuoteID]) VALUES (241, NULL, 0, CAST(N'2020-04-24T20:31:00.0000000' AS DateTime2), 399, CAST(N'2020-04-24T21:51:00.0000000' AS DateTime2), 400, NULL, NULL, N'Flight', NULL, 4, 5, 4, CAST(N'0001-01-01T00:00:00.0000000' AS DateTime2), 0, N'535b0120-2445-4935-b790-8dfea9411c8a')
GO
INSERT [dbo].[Transportations] ([TransportationID], [Confirmation], [Type], [Depart], [DepartLocationLocationID], [Arrive], [ArriveLocationLocationID], [Carrier], [Identifer], [Discriminator], [QuoteID], [QuoteRequestID], [DepartureAirPortID], [ArrivalAirPortID], [Quoted], [Side], [TripQuoteID]) VALUES (242, NULL, 0, CAST(N'2020-04-29T17:00:00.0000000' AS DateTime2), 396, CAST(N'2020-04-29T18:54:00.0000000' AS DateTime2), 397, NULL, NULL, N'Flight', NULL, 4, 4, 3, CAST(N'0001-01-01T00:00:00.0000000' AS DateTime2), 0, N'535b0120-2445-4935-b790-8dfea9411c8a')
GO
INSERT [dbo].[Transportations] ([TransportationID], [Confirmation], [Type], [Depart], [DepartLocationLocationID], [Arrive], [ArriveLocationLocationID], [Carrier], [Identifer], [Discriminator], [QuoteID], [QuoteRequestID], [DepartureAirPortID], [ArrivalAirPortID], [Quoted], [Side], [TripQuoteID]) VALUES (243, NULL, 0, CAST(N'2020-04-29T19:35:00.0000000' AS DateTime2), 394, CAST(N'2020-04-29T20:55:00.0000000' AS DateTime2), 395, NULL, NULL, N'Flight', NULL, 4, 3, 1, CAST(N'0001-01-01T00:00:00.0000000' AS DateTime2), 0, N'535b0120-2445-4935-b790-8dfea9411c8a')
GO
INSERT [dbo].[Transportations] ([TransportationID], [Confirmation], [Type], [Depart], [DepartLocationLocationID], [Arrive], [ArriveLocationLocationID], [Carrier], [Identifer], [Discriminator], [QuoteID], [QuoteRequestID], [DepartureAirPortID], [ArrivalAirPortID], [Quoted], [Side], [TripQuoteID]) VALUES (244, NULL, 0, CAST(N'2020-04-24T11:00:00.0000000' AS DateTime2), 391, CAST(N'2020-04-24T12:18:00.0000000' AS DateTime2), 392, NULL, NULL, N'Flight', NULL, 4, 1, 3, CAST(N'0001-01-01T00:00:00.0000000' AS DateTime2), 0, N'38ee248e-6e85-47e9-a649-6e907a30d53e')
GO
INSERT [dbo].[Transportations] ([TransportationID], [Confirmation], [Type], [Depart], [DepartLocationLocationID], [Arrive], [ArriveLocationLocationID], [Carrier], [Identifer], [Discriminator], [QuoteID], [QuoteRequestID], [DepartureAirPortID], [ArrivalAirPortID], [Quoted], [Side], [TripQuoteID]) VALUES (245, NULL, 0, CAST(N'2020-04-24T15:05:00.0000000' AS DateTime2), 388, CAST(N'2020-04-24T16:49:00.0000000' AS DateTime2), 389, NULL, NULL, N'Flight', NULL, 4, 3, 5, CAST(N'0001-01-01T00:00:00.0000000' AS DateTime2), 0, N'38ee248e-6e85-47e9-a649-6e907a30d53e')
GO
INSERT [dbo].[Transportations] ([TransportationID], [Confirmation], [Type], [Depart], [DepartLocationLocationID], [Arrive], [ArriveLocationLocationID], [Carrier], [Identifer], [Discriminator], [QuoteID], [QuoteRequestID], [DepartureAirPortID], [ArrivalAirPortID], [Quoted], [Side], [TripQuoteID]) VALUES (246, NULL, 0, CAST(N'2020-04-24T20:31:00.0000000' AS DateTime2), 408, CAST(N'2020-04-24T21:51:00.0000000' AS DateTime2), 387, NULL, NULL, N'Flight', NULL, 4, 5, 4, CAST(N'0001-01-01T00:00:00.0000000' AS DateTime2), 0, N'38ee248e-6e85-47e9-a649-6e907a30d53e')
GO
INSERT [dbo].[Transportations] ([TransportationID], [Confirmation], [Type], [Depart], [DepartLocationLocationID], [Arrive], [ArriveLocationLocationID], [Carrier], [Identifer], [Discriminator], [QuoteID], [QuoteRequestID], [DepartureAirPortID], [ArrivalAirPortID], [Quoted], [Side], [TripQuoteID]) VALUES (247, NULL, 0, CAST(N'2020-04-29T17:00:00.0000000' AS DateTime2), 411, CAST(N'2020-04-29T18:54:00.0000000' AS DateTime2), 410, NULL, NULL, N'Flight', NULL, 4, 4, 3, CAST(N'0001-01-01T00:00:00.0000000' AS DateTime2), 0, N'38ee248e-6e85-47e9-a649-6e907a30d53e')
GO
INSERT [dbo].[Transportations] ([TransportationID], [Confirmation], [Type], [Depart], [DepartLocationLocationID], [Arrive], [ArriveLocationLocationID], [Carrier], [Identifer], [Discriminator], [QuoteID], [QuoteRequestID], [DepartureAirPortID], [ArrivalAirPortID], [Quoted], [Side], [TripQuoteID]) VALUES (248, NULL, 0, CAST(N'2020-04-29T21:35:00.0000000' AS DateTime2), 431, CAST(N'2020-04-29T22:53:00.0000000' AS DateTime2), 432, NULL, NULL, N'Flight', NULL, 4, 3, 1, CAST(N'0001-01-01T00:00:00.0000000' AS DateTime2), 0, N'38ee248e-6e85-47e9-a649-6e907a30d53e')
GO
INSERT [dbo].[Transportations] ([TransportationID], [Confirmation], [Type], [Depart], [DepartLocationLocationID], [Arrive], [ArriveLocationLocationID], [Carrier], [Identifer], [Discriminator], [QuoteID], [QuoteRequestID], [DepartureAirPortID], [ArrivalAirPortID], [Quoted], [Side], [TripQuoteID]) VALUES (249, NULL, 0, CAST(N'2020-04-24T11:00:00.0000000' AS DateTime2), 429, CAST(N'2020-04-24T12:18:00.0000000' AS DateTime2), 430, NULL, NULL, N'Flight', NULL, 4, 1, 3, CAST(N'0001-01-01T00:00:00.0000000' AS DateTime2), 0, N'b1a96ad9-d03c-47f0-884d-0e89e795e6f5')
GO
INSERT [dbo].[Transportations] ([TransportationID], [Confirmation], [Type], [Depart], [DepartLocationLocationID], [Arrive], [ArriveLocationLocationID], [Carrier], [Identifer], [Discriminator], [QuoteID], [QuoteRequestID], [DepartureAirPortID], [ArrivalAirPortID], [Quoted], [Side], [TripQuoteID]) VALUES (250, NULL, 0, CAST(N'2020-04-24T15:05:00.0000000' AS DateTime2), 426, CAST(N'2020-04-24T16:49:00.0000000' AS DateTime2), 427, NULL, NULL, N'Flight', NULL, 4, 3, 5, CAST(N'0001-01-01T00:00:00.0000000' AS DateTime2), 0, N'b1a96ad9-d03c-47f0-884d-0e89e795e6f5')
GO
INSERT [dbo].[Transportations] ([TransportationID], [Confirmation], [Type], [Depart], [DepartLocationLocationID], [Arrive], [ArriveLocationLocationID], [Carrier], [Identifer], [Discriminator], [QuoteID], [QuoteRequestID], [DepartureAirPortID], [ArrivalAirPortID], [Quoted], [Side], [TripQuoteID]) VALUES (251, NULL, 0, CAST(N'2020-04-24T20:31:00.0000000' AS DateTime2), 434, CAST(N'2020-04-24T21:51:00.0000000' AS DateTime2), 424, NULL, NULL, N'Flight', NULL, 4, 5, 4, CAST(N'0001-01-01T00:00:00.0000000' AS DateTime2), 0, N'b1a96ad9-d03c-47f0-884d-0e89e795e6f5')
GO
INSERT [dbo].[Transportations] ([TransportationID], [Confirmation], [Type], [Depart], [DepartLocationLocationID], [Arrive], [ArriveLocationLocationID], [Carrier], [Identifer], [Discriminator], [QuoteID], [QuoteRequestID], [DepartureAirPortID], [ArrivalAirPortID], [Quoted], [Side], [TripQuoteID]) VALUES (252, NULL, 0, CAST(N'2020-04-29T06:25:00.0000000' AS DateTime2), 468, CAST(N'2020-04-29T07:48:00.0000000' AS DateTime2), 406, NULL, NULL, N'Flight', NULL, 4, 4, 5, CAST(N'0001-01-01T00:00:00.0000000' AS DateTime2), 0, N'e9dd98b5-9f61-43e0-9457-8dbdf09c291c')
GO
INSERT [dbo].[Transportations] ([TransportationID], [Confirmation], [Type], [Depart], [DepartLocationLocationID], [Arrive], [ArriveLocationLocationID], [Carrier], [Identifer], [Discriminator], [QuoteID], [QuoteRequestID], [DepartureAirPortID], [ArrivalAirPortID], [Quoted], [Side], [TripQuoteID]) VALUES (253, NULL, 0, CAST(N'2020-04-29T14:30:00.0000000' AS DateTime2), 421, CAST(N'2020-04-29T16:24:00.0000000' AS DateTime2), 423, NULL, NULL, N'Flight', NULL, 4, 4, 3, CAST(N'0001-01-01T00:00:00.0000000' AS DateTime2), 0, N'b1a96ad9-d03c-47f0-884d-0e89e795e6f5')
GO
INSERT [dbo].[Transportations] ([TransportationID], [Confirmation], [Type], [Depart], [DepartLocationLocationID], [Arrive], [ArriveLocationLocationID], [Carrier], [Identifer], [Discriminator], [QuoteID], [QuoteRequestID], [DepartureAirPortID], [ArrivalAirPortID], [Quoted], [Side], [TripQuoteID]) VALUES (254, NULL, 0, CAST(N'2020-04-24T11:00:00.0000000' AS DateTime2), 415, CAST(N'2020-04-24T12:18:00.0000000' AS DateTime2), 416, NULL, NULL, N'Flight', NULL, 4, 1, 3, CAST(N'0001-01-01T00:00:00.0000000' AS DateTime2), 0, N'83a3d5d3-88c7-458d-b3e8-411a961d4a6e')
GO
INSERT [dbo].[Transportations] ([TransportationID], [Confirmation], [Type], [Depart], [DepartLocationLocationID], [Arrive], [ArriveLocationLocationID], [Carrier], [Identifer], [Discriminator], [QuoteID], [QuoteRequestID], [DepartureAirPortID], [ArrivalAirPortID], [Quoted], [Side], [TripQuoteID]) VALUES (255, NULL, 0, CAST(N'2020-04-24T15:05:00.0000000' AS DateTime2), 413, CAST(N'2020-04-24T16:49:00.0000000' AS DateTime2), 414, NULL, NULL, N'Flight', NULL, 4, 3, 5, CAST(N'0001-01-01T00:00:00.0000000' AS DateTime2), 0, N'83a3d5d3-88c7-458d-b3e8-411a961d4a6e')
GO
INSERT [dbo].[Transportations] ([TransportationID], [Confirmation], [Type], [Depart], [DepartLocationLocationID], [Arrive], [ArriveLocationLocationID], [Carrier], [Identifer], [Discriminator], [QuoteID], [QuoteRequestID], [DepartureAirPortID], [ArrivalAirPortID], [Quoted], [Side], [TripQuoteID]) VALUES (256, NULL, 0, CAST(N'2020-04-24T20:31:00.0000000' AS DateTime2), 385, CAST(N'2020-04-24T21:51:00.0000000' AS DateTime2), 386, NULL, NULL, N'Flight', NULL, 4, 5, 4, CAST(N'0001-01-01T00:00:00.0000000' AS DateTime2), 0, N'83a3d5d3-88c7-458d-b3e8-411a961d4a6e')
GO
INSERT [dbo].[Transportations] ([TransportationID], [Confirmation], [Type], [Depart], [DepartLocationLocationID], [Arrive], [ArriveLocationLocationID], [Carrier], [Identifer], [Discriminator], [QuoteID], [QuoteRequestID], [DepartureAirPortID], [ArrivalAirPortID], [Quoted], [Side], [TripQuoteID]) VALUES (257, NULL, 0, CAST(N'2020-04-29T06:25:00.0000000' AS DateTime2), 357, CAST(N'2020-04-29T07:48:00.0000000' AS DateTime2), 359, NULL, NULL, N'Flight', NULL, 4, 4, 5, CAST(N'0001-01-01T00:00:00.0000000' AS DateTime2), 0, N'83a3d5d3-88c7-458d-b3e8-411a961d4a6e')
GO
INSERT [dbo].[Transportations] ([TransportationID], [Confirmation], [Type], [Depart], [DepartLocationLocationID], [Arrive], [ArriveLocationLocationID], [Carrier], [Identifer], [Discriminator], [QuoteID], [QuoteRequestID], [DepartureAirPortID], [ArrivalAirPortID], [Quoted], [Side], [TripQuoteID]) VALUES (258, NULL, 0, CAST(N'2020-04-29T10:20:00.0000000' AS DateTime2), 355, CAST(N'2020-04-29T11:53:00.0000000' AS DateTime2), 356, NULL, NULL, N'Flight', NULL, 4, 5, 1, CAST(N'0001-01-01T00:00:00.0000000' AS DateTime2), 0, N'83a3d5d3-88c7-458d-b3e8-411a961d4a6e')
GO
INSERT [dbo].[Transportations] ([TransportationID], [Confirmation], [Type], [Depart], [DepartLocationLocationID], [Arrive], [ArriveLocationLocationID], [Carrier], [Identifer], [Discriminator], [QuoteID], [QuoteRequestID], [DepartureAirPortID], [ArrivalAirPortID], [Quoted], [Side], [TripQuoteID]) VALUES (259, NULL, 0, CAST(N'2020-04-24T17:56:00.0000000' AS DateTime2), 352, CAST(N'2020-04-24T19:36:00.0000000' AS DateTime2), 353, NULL, NULL, N'Flight', NULL, 4, 1, 5, CAST(N'0001-01-01T00:00:00.0000000' AS DateTime2), 0, N'd6c051df-7a8d-45e9-96bd-7eead6a15170')
GO
INSERT [dbo].[Transportations] ([TransportationID], [Confirmation], [Type], [Depart], [DepartLocationLocationID], [Arrive], [ArriveLocationLocationID], [Carrier], [Identifer], [Discriminator], [QuoteID], [QuoteRequestID], [DepartureAirPortID], [ArrivalAirPortID], [Quoted], [Side], [TripQuoteID]) VALUES (260, NULL, 0, CAST(N'2020-04-24T20:31:00.0000000' AS DateTime2), 349, CAST(N'2020-04-24T21:51:00.0000000' AS DateTime2), 350, NULL, NULL, N'Flight', NULL, 4, 5, 4, CAST(N'0001-01-01T00:00:00.0000000' AS DateTime2), 0, N'd6c051df-7a8d-45e9-96bd-7eead6a15170')
GO
INSERT [dbo].[Transportations] ([TransportationID], [Confirmation], [Type], [Depart], [DepartLocationLocationID], [Arrive], [ArriveLocationLocationID], [Carrier], [Identifer], [Discriminator], [QuoteID], [QuoteRequestID], [DepartureAirPortID], [ArrivalAirPortID], [Quoted], [Side], [TripQuoteID]) VALUES (261, NULL, 0, CAST(N'2020-04-29T06:25:00.0000000' AS DateTime2), 347, CAST(N'2020-04-29T07:48:00.0000000' AS DateTime2), 348, NULL, NULL, N'Flight', NULL, 4, 4, 5, CAST(N'0001-01-01T00:00:00.0000000' AS DateTime2), 0, N'd6c051df-7a8d-45e9-96bd-7eead6a15170')
GO
INSERT [dbo].[Transportations] ([TransportationID], [Confirmation], [Type], [Depart], [DepartLocationLocationID], [Arrive], [ArriveLocationLocationID], [Carrier], [Identifer], [Discriminator], [QuoteID], [QuoteRequestID], [DepartureAirPortID], [ArrivalAirPortID], [Quoted], [Side], [TripQuoteID]) VALUES (262, NULL, 0, CAST(N'2020-04-29T08:30:00.0000000' AS DateTime2), 344, CAST(N'2020-04-29T10:22:00.0000000' AS DateTime2), 345, NULL, NULL, N'Flight', NULL, 4, 5, 3, CAST(N'0001-01-01T00:00:00.0000000' AS DateTime2), 0, N'd6c051df-7a8d-45e9-96bd-7eead6a15170')
GO
INSERT [dbo].[Transportations] ([TransportationID], [Confirmation], [Type], [Depart], [DepartLocationLocationID], [Arrive], [ArriveLocationLocationID], [Carrier], [Identifer], [Discriminator], [QuoteID], [QuoteRequestID], [DepartureAirPortID], [ArrivalAirPortID], [Quoted], [Side], [TripQuoteID]) VALUES (263, NULL, 0, CAST(N'2020-04-29T11:40:00.0000000' AS DateTime2), 341, CAST(N'2020-04-29T12:54:00.0000000' AS DateTime2), 342, NULL, NULL, N'Flight', NULL, 4, 3, 1, CAST(N'0001-01-01T00:00:00.0000000' AS DateTime2), 0, N'd6c051df-7a8d-45e9-96bd-7eead6a15170')
GO
INSERT [dbo].[Transportations] ([TransportationID], [Confirmation], [Type], [Depart], [DepartLocationLocationID], [Arrive], [ArriveLocationLocationID], [Carrier], [Identifer], [Discriminator], [QuoteID], [QuoteRequestID], [DepartureAirPortID], [ArrivalAirPortID], [Quoted], [Side], [TripQuoteID]) VALUES (264, NULL, 0, CAST(N'2020-04-24T11:00:00.0000000' AS DateTime2), 339, CAST(N'2020-04-24T12:18:00.0000000' AS DateTime2), 340, NULL, NULL, N'Flight', NULL, 4, 1, 3, CAST(N'0001-01-01T00:00:00.0000000' AS DateTime2), 0, N'9da01896-d882-4452-8fbc-7e467510c5dd')
GO
INSERT [dbo].[Transportations] ([TransportationID], [Confirmation], [Type], [Depart], [DepartLocationLocationID], [Arrive], [ArriveLocationLocationID], [Carrier], [Identifer], [Discriminator], [QuoteID], [QuoteRequestID], [DepartureAirPortID], [ArrivalAirPortID], [Quoted], [Side], [TripQuoteID]) VALUES (265, NULL, 0, CAST(N'2020-04-24T13:40:00.0000000' AS DateTime2), 358, CAST(N'2020-04-24T15:17:00.0000000' AS DateTime2), 337, NULL, NULL, N'Flight', NULL, 4, 3, 4, CAST(N'0001-01-01T00:00:00.0000000' AS DateTime2), 0, N'9da01896-d882-4452-8fbc-7e467510c5dd')
GO
INSERT [dbo].[Transportations] ([TransportationID], [Confirmation], [Type], [Depart], [DepartLocationLocationID], [Arrive], [ArriveLocationLocationID], [Carrier], [Identifer], [Discriminator], [QuoteID], [QuoteRequestID], [DepartureAirPortID], [ArrivalAirPortID], [Quoted], [Side], [TripQuoteID]) VALUES (266, NULL, 0, CAST(N'2020-04-29T06:25:00.0000000' AS DateTime2), 361, CAST(N'2020-04-29T07:48:00.0000000' AS DateTime2), 383, NULL, NULL, N'Flight', NULL, 4, 4, 5, CAST(N'0001-01-01T00:00:00.0000000' AS DateTime2), 0, N'9da01896-d882-4452-8fbc-7e467510c5dd')
GO
INSERT [dbo].[Transportations] ([TransportationID], [Confirmation], [Type], [Depart], [DepartLocationLocationID], [Arrive], [ArriveLocationLocationID], [Carrier], [Identifer], [Discriminator], [QuoteID], [QuoteRequestID], [DepartureAirPortID], [ArrivalAirPortID], [Quoted], [Side], [TripQuoteID]) VALUES (267, NULL, 0, CAST(N'2020-04-29T19:35:00.0000000' AS DateTime2), 418, CAST(N'2020-04-29T20:55:00.0000000' AS DateTime2), 419, NULL, NULL, N'Flight', NULL, 4, 3, 1, CAST(N'0001-01-01T00:00:00.0000000' AS DateTime2), 0, N'b1a96ad9-d03c-47f0-884d-0e89e795e6f5')
GO
INSERT [dbo].[Transportations] ([TransportationID], [Confirmation], [Type], [Depart], [DepartLocationLocationID], [Arrive], [ArriveLocationLocationID], [Carrier], [Identifer], [Discriminator], [QuoteID], [QuoteRequestID], [DepartureAirPortID], [ArrivalAirPortID], [Quoted], [Side], [TripQuoteID]) VALUES (268, NULL, 0, CAST(N'2020-04-24T17:56:00.0000000' AS DateTime2), 302, CAST(N'2020-04-24T19:36:00.0000000' AS DateTime2), 303, N'Delta Airlines', NULL, N'Flight', NULL, 4, 1, 5, CAST(N'0001-01-01T00:00:00.0000000' AS DateTime2), 0, N'12b15397-1e84-4873-ba7f-973ded6efd74')
GO
SET IDENTITY_INSERT [dbo].[Transportations] OFF
GO
INSERT [dbo].[AspNetRoles] ([Id], [Name], [NormalizedName], [ConcurrencyStamp]) VALUES (N'6ee809b2-acb7-48e2-9ae3-cb798f85ef04', N'Client', N'CLIENT', N'a2576726-1e72-4d84-a1b1-65eb79976e78')
GO
INSERT [dbo].[AspNetUsers] ([Id], [UserName], [NormalizedUserName], [Email], [NormalizedEmail], [EmailConfirmed], [PasswordHash], [SecurityStamp], [ConcurrencyStamp], [PhoneNumber], [PhoneNumberConfirmed], [TwoFactorEnabled], [LockoutEnd], [LockoutEnabled], [AccessFailedCount], [Name], [FirstName], [LastName], [Address1], [Address2], [AgentId], [City], [DateOfAnniversary], [DateOfBirth], [EmailAddress], [Latitude], [Longitude], [Message], [State], [UserId], [ZipCode], [Discriminator]) VALUES (N'a12dc901-e81d-482b-919f-5cf5fb871e73', N'EricTes3@example.com', N'ERICTES3@EXAMPLE.COM', N'EricTes3@example.com', N'ERICTES3@EXAMPLE.COM', 0, N'AQAAAAEAACcQAAAAEFC2E+9wgVS4MdW40brinItBO3GyN3KMBCq/On5O61FRwQmEoJuH4VLHObbkFVTrug==', N'B5GRW6PMG23G32TXXHIPI67EMUK655MK', N'a4df3f66-4275-4887-a181-ddf749a6f383', N'9194172729', 0, 0, NULL, 1, 0, NULL, N'Eric', N'Watson', NULL, NULL, NULL, NULL, NULL, NULL, NULL, NULL, NULL, NULL, NULL, NULL, NULL, N'User')
GO
INSERT [dbo].[AspNetUsers] ([Id], [UserName], [NormalizedUserName], [Email], [NormalizedEmail], [EmailConfirmed], [PasswordHash], [SecurityStamp], [ConcurrencyStamp], [PhoneNumber], [PhoneNumberConfirmed], [TwoFactorEnabled], [LockoutEnd], [LockoutEnabled], [AccessFailedCount], [Name], [FirstName], [LastName], [Address1], [Address2], [AgentId], [City], [DateOfAnniversary], [DateOfBirth], [EmailAddress], [Latitude], [Longitude], [Message], [State], [UserId], [ZipCode], [Discriminator]) VALUES (N'e7aaa852-6998-48aa-9803-6a7fe1035a25', NULL, NULL, NULL, NULL, 0, NULL, N'b52e3470-e889-4417-8ddd-4693b9ccf793', N'15cecb85-cdb1-4201-ab7e-12895485c110', N'9194172729', 0, 0, NULL, 0, 0, NULL, N'Eric', N'Watson', NULL, NULL, NULL, N'', CAST(N'2020-03-22T10:03:01.0170000' AS DateTime2), CAST(N'2020-03-22T10:03:01.0170000' AS DateTime2), NULL, NULL, NULL, NULL, N'', N'a12dc901-e81d-482b-919f-5cf5fb871e73', N'', N'LeadDB')
GO
INSERT [dbo].[AspNetUserRoles] ([UserId], [RoleId]) VALUES (N'a12dc901-e81d-482b-919f-5cf5fb871e73', N'6ee809b2-acb7-48e2-9ae3-cb798f85ef04')
GO
